Date,Property Description
"Monday, May 28, 2018",
"Monday, May 28, 2018","
Property For Sale
100% FOCUSED on quality properties. Excel Homes Real Estate Ltd www.Excel.com.mt Phone 9945 1255, 2141 3355."
"Monday, May 28, 2018","
Property For Sale
SAN ĠWANN. Two bedroom, modern, finished and furnished apartment. €195,000. Phone 7947 1661."
"Monday, May 28, 2018","
Property For Sale
SLIEMA. Seventh floor three bedroom apartment enjoying sea views. €520,000. Phone 7947 1661."
"Monday, May 28, 2018","
Property For Sale
ST JULIANS, The Podium. One bedroom maisonette ready to move into. €210,000. Phone 7947 1661."
"Monday, May 28, 2018","
Property For Sale
10 PRICE REDUCTIONS this week on properties for sale at Ben Estates Ltd. Visit our website www.benestates.com or phone 9999 9983."
"Monday, May 28, 2018","
Property For Sale
100% FOCUSED on quality properties. Excel Homes Real Estate Ltd www.Excel.com.mt Phone 9945 1255, 2141 3355."
"Monday, May 28, 2018","
Property For Sale
ATTARD, Misraħ Kola. 435sqm villa. Phone 7931 8909."
"Monday, May 28, 2018","
Property For Sale
ATTARD, Misraħ Kola. Designer finished / partly furnished, three bedroom semi-detached villa. Large open plan, pool and entertainment area, two bathrooms, three spacious bedrooms, washroom, rooftop terrace and garage. €695,000. Phone 7947 3399."
"Monday, May 28, 2018","
Property For Sale
ATTARD. 400sqm semi-detached house.Large, solid, well-kept, in villa area. Quiet road. Four bedrooms with two ensuite, study, solarium, pool, garage, etc. €980,000. No agents. Phone 9945 7376."
"Monday, May 28, 2018","
Property For Sale
ATTARD. Brand new two bedroom penthouse with large terrace and a four-car garage. €382,000. No agents. Phone 9945 2166."
"Monday, May 28, 2018","
Property For Sale
ATTARD. Bright and airy three bedroom apartment measuring approximately 140sqm. Use of roof. Finished to modern standards. €339,000, three-car garage included. Phone 7923 2369."
"Monday, May 28, 2018","
Property For Sale
ATTARD. Four bedroom semi-detached villa, quiet location. €950,000. No agents. Phone 7931 0597."
"Monday, May 28, 2018","
Property For Sale
ATTARD. Four bedroom villa. Two-car garage, garden, three-car carport. €885,000. Phone 9942 2256."
"Monday, May 28, 2018","
Property For Sale
ATTARD. Groundfloor maisonette. Open plan kitchen / living / dining, three bedrooms, two bathrooms, front patio, back yard, lock-up garage. €310,000. Phone 7774 4448."
"Monday, May 28, 2018","
Property For Sale
ATTARD. Groundfloor, fully furnished maisonette circa 170sqm. Three bedrooms, two bathrooms, large yard, car space. €310,000. Phone 7777 9012."
"Monday, May 28, 2018","
Property For Sale
ATTARD. House of character. For more information phone 7943 1149."
"Monday, May 28, 2018","
Property For Sale
ATTARD. Never lived in, furnished, groundfloor corner maisonette with front yard. €210,000. Phone 9926 4468."
"Monday, May 28, 2018","
Property For Sale
ATTARD. Palazzino. Four bedrooms, sala nobile, separate living / dining, private garden, space for pool. €1,270,000. Phone 9942 2256."
"Monday, May 28, 2018","
Property For Sale
ATTARD. Rare to come by. Fully detached bungalow built on a 680sqm plot facing a green area. No agents please. Phone 9947 3366."
"Monday, May 28, 2018","
Property For Sale
ATTARD. Site on Mdina Road. 4+1 units. €390,000 FH. Phone 9949 3033."
"Monday, May 28, 2018","
Property For Sale
ATTARD. Site. Eight unitswith building permit. €890,000 FH. Phone 9949 3033."
"Monday, May 28, 2018","
Property For Sale
ATTARD. Three bedroom maisonette. €239,000. Phone 7942 1340."
"Monday, May 28, 2018","
Property For Sale
ATTARD. Three bedroom, groundfloor, 120sqm maisonette. No stairs, two yards. Finished with kitchen. €239,000. Phone 9950 0150."
"Monday, May 28, 2018","
Property For Sale
BAĦRIJA. Three bedroom apartment including garage, already built, finished bathrooms and doors, washroom, balcony. €190,000. Phone 9942 4194."
"Monday, May 28, 2018","
Property For Sale
BALLUTA BAY. Rarely available in this block. Three bedroom apartment, part sea view. €450,000. Phone 9978 7591."
"Monday, May 28, 2018","
Property For Sale
BALZAN. A modern, designer furnished apartment. Three double bedrooms, two bathrooms, a washroom and aside yard, designer fitted kitchen, parquet flooring in bedrooms. €299,000. Sole agents. Phone James on 9949 3147."
"Monday, May 28, 2018","
Property For Sale
BALZAN. First floor, 162sqm semi-detached maisonette. Property consists of four bedrooms, three bathrooms, kitchen, combined sitting and dining, roof, garage and drive. €360,000. Phone owner 7930 6511/9989 8284."
"Monday, May 28, 2018","
Property For Sale
BALZAN. First time advertised. Four-car garage with toilet, shaft and covered car space at semi-basement level. €75,000. Phone 7900 2400."
"Monday, May 28, 2018","
Property For Sale
BALZAN. Good value for money for a well finished, three bedroom elevated maisonette. Two / three-car garage plus two rooms optional. No flats above. €285,000. Phone 7900 2400."
"Monday, May 28, 2018","
Property For Sale
BIRKIRKARA, close to Ta' Paris church. Choice of finished apartments. Two double bedrooms (main ensuite), outdoor space. €149,000. Phone 7901 5000."
"Monday, May 28, 2018","
Property For Sale
BIRKIRKARA, Ta' Paris. Furnished, three bedroom maisonette, garage. 42sqm outdoor area, block of two maisonettes. €349,000. Phone 9948 8554."
"Monday, May 28, 2018","
Property For Sale
BIRKIRKARA. Apartment with three large double bedrooms (main with ensuite and walk-in wardrobe, and another with a balcony). €207,000 FH. Phone 7974 7724/2339 2461."
"Monday, May 28, 2018","
Property For Sale
BIRKIRKARA. Converted house of character with three bedrooms, wine cellar, and marble and stone staircases. €850,000. Phone 7902 8283/2339 2451."
"Monday, May 28, 2018","
Property For Sale
BIRKIRKARA. Expertly converted house of character. €285,000. Phone 7709 2212."
"Monday, May 28, 2018","
Property For Sale
BIRKIRKARA. Furnished three bedroom apartment. Lift, roof. Phone 7989 0362/7929 4648."
"Monday, May 28, 2018","
Property For Sale
BIRKIRKARA. Furnished, large three bedroom penthouse with garage. Solar heating, fully air-conditioned and much more. €295,000. Phone 7947 0510."
"Monday, May 28, 2018","
Property For Sale
BIRKIRKARA. New apartments on plan starting from €150,000.Phone 7989 0362/7929 4648."
"Monday, May 28, 2018","
Property For Sale
BIRKIRKARA. New on the market. Duplex two / three bedroom maisonette with airspace. €189,000. Phone 9967 0019."
"Monday, May 28, 2018","
Property For Sale
BIRKIRKARA. New, three bedroom finished apartment. Kitchen / dining / living, two bathrooms, front / back terrace. €165,000. Phone owner 9928 7339."
"Monday, May 28, 2018","
Property For Sale
BIRKIRKARA. On plan. Two bedroom maisonette in shell form, excellent for first time buyers. €121,000. Phone 7907 4874. "
"Monday, May 28, 2018","
Property For Sale
BIRKIRKARA. On plan. Two bedroom penthouse in shell form. 72sqm terrace. Excellent for entertainment. €163,000. Phone 7907 4874."
"Monday, May 28, 2018","
Property For Sale
BIRKIRKARA. Penthouse in a quiet street close to Mater Dei, including two bedrooms (main with back terrace) and airspace. €277,000. Phone 7974 7720."
"Monday, May 28, 2018","
Property For Sale
BIRKIRKARA. Selection of apartments currently on plan, starting from €97,000. Being sold in shell form. Phone 9999 6699."
"Monday, May 28, 2018","
Property For Sale
BIRKIRKARA. Selection of two bedroom masionettes / apartments and penthouses. Pre-construction prices. €121,000. Phone 7949 3537."
"Monday, May 28, 2018","
Property For Sale
BIRKIRKARA. Solitary three bedroom maisonette with garage, including full airspace. €550,000. Phone 9902 3184."
"Monday, May 28, 2018","
Property For Sale
BIRKIRKARA. Three bedroom apartment. Open plan and large terrace. €228,000. Phone 7926 7062."
"Monday, May 28, 2018","
Property For Sale
BIRKIRKARA. Three bedroom apartments. Competion end 2018. Phone owners 9949 4674/7949 8872."
"Monday, May 28, 2018","
Property For Sale
BIRKIRKARA. Townhouse close to St Helen' s Basilica, covering a total area of 169sqm. Includes two bedrooms, wine cellar, water reservoir, and one-car garage. €550,000. Phone 7902 8283."
"Monday, May 28, 2018","
Property For Sale
BIRKIRKARA. Two bedroom penthouse with airspace, sold fully furnished. €235,000. Phone 7990 0738."
"Monday, May 28, 2018","
Property For Sale
BIRKIRKARA. Two bedroom townhouse, own roof airspace. €170,000. Phone 9942 2256."
"Monday, May 28, 2018","
Property For Sale
BIRKIRKARA. Unconverted two bedroom townhouse. €190,000. Phone 9928 8466."
"Monday, May 28, 2018","
Property For Sale
BIRŻEBBUĠA, Qajjenza. Finished, groundfloor, three bedroom maisonette. Kitchen / living / dining, bathroom, ensuite, yard. €175,000. Phone 7943 4301/7923 1275."
"Monday, May 28, 2018","
Property For Sale
BIRŻEBBUĠA. Furnished terraced house. Patio, back yard, interconnected street car garage. €460,000. Phone 9964 4224."
"Monday, May 28, 2018","
Property For Sale
BIRŻEBBUĠA. Partly furnished, first floor two bedroom apartment in a block of only two. €190,000. Phone 7970 1900."
"Monday, May 28, 2018","
Property For Sale
BIRŻEBBUĠA. Site for development, 4.2 x 22m. Phone 9926 4468."
"Monday, May 28, 2018","
Property For Sale
BIRŻEBBUĠA. Terraced house. Large back yard, three bedrooms, garage. €460,000. Phone 7993 6413."
"Monday, May 28, 2018","
Property For Sale
BUĠIBBA, close to square. One bedroom, finished apartment. Rental investment. €119,000. Phone 7987 1787."
"Monday, May 28, 2018","
Property For Sale
BUĠIBBA, corner with Buġibba Square. One bedroom, study, terrace. €155,000. Phone 7953 3254."
"Monday, May 28, 2018","
Property For Sale
BUĠIBBA. Apartment. Furnished, two bedrooms, kitchen / living / dining, two bathrooms, with front and back balconies. €180,000, garage optional. Phone 7941 3863."
"Monday, May 28, 2018","
Property For Sale
BUĠIBBA. Great rental investment. One / two bedroom apartments from €119,000. Phone 9949 8531."
"Monday, May 28, 2018","
Property For Sale
BUĠIBBA. Luxury finished apartment. Open plan kitchen / living / dining, double bedroom, bathroom, front / back terrace. €119,000. Phone 7957 9360."
"Monday, May 28, 2018","
Property For Sale
BUĠIBBA. Three bedroom groundfloor maisonette close to the sea. Phone 2145 3742 or 9944 6627."
"Monday, May 28, 2018","
Property For Sale
BUĠIBBA. Three bedroom / two bathroom, furnished and ready to move into apartment. €180,000.Phone 7777 0590."
"Monday, May 28, 2018","
Property For Sale
DINGLI. Semi-finished maisonette. Living / guest toilet at groundfloor, kitchen / dining and bathroom at first floor, two bedrooms at second floor, washroom / own airspace. €140,000. Phone 7904 0295."
"Monday, May 28, 2018","
Property For Sale
FGURA. Bright townhouse having five rooms, one bathroom and terrace. Ideal for development and three-plus-one. €185,000. Phone 7718 0366/7923 1275."
"Monday, May 28, 2018","
Property For Sale
FGURA. Elevated, partly furnished groundfloor maisonette with three bedrooms, open plan and lovely yard.€198,000. Phone 9921 0503."
"Monday, May 28, 2018","
Property For Sale
FGURA. Four bedroom terraced house with garage. Phone 7946 3278."
"Monday, May 28, 2018","
Property For Sale
FGURA. Large three bedroom maisonette, back yard and garage. Open views. €239,000. Phone 9917 0000."
"Monday, May 28, 2018","
Property For Sale
FGURA. Large, semi-finished three bedroom maisonette, large back yard. €150,000. Phone 9917 0000."
"Monday, May 28, 2018","
Property For Sale
FGURA. One bedroom apartment with unobstructed views, shell. €96,000. Phone 9942 6371."
"Monday, May 28, 2018","
Property For Sale
FGURA. Three bedroom penthouse, open plan terrace. Shell. €155,000. Phone 9942 6371."
"Monday, May 28, 2018","
Property For Sale
FGURA. Three bedroom, finished apartment in a smart block. €195,000. Phone 9942 6371."
"Monday, May 28, 2018","
Property For Sale
FGURA. Three bedroom, larger than usual 180sqm penthouse inshell form, with own airspace. €175,000. Phone 7777 9011."
"Monday, May 28, 2018","
Property For Sale
FGURA. Two bedroom, shell apartment with unobstructed views. €125,000. Phone 9942 6371."
"Monday, May 28, 2018","
Property For Sale
FGURA. Unobstructed views. Apartments / penthouses, one and two bedrooms. Starting €95,000. Phone 9945 1505."
"Monday, May 28, 2018","
Property For Sale
FGURA. Well kept terraced house with garage. €415,000. Phone 9946 7721."
"Monday, May 28, 2018","
Property For Sale
FLEUR-DE-LYS. Finished two bedroompenthousewithfront and back terrace. €186,000. Airspace included. Phone 9971 3235."
"Monday, May 28, 2018","
Property For Sale
FLEUR-DE-LYS. Selection of apartments, maisonettes, and penthouses with spacious terraces. €141,000. Phone 7902 8283/2339 2451."
"Monday, May 28, 2018","
Property For Sale
FLORIANA. Apartment, fully furnished. €240,000. Phone 7942 1340."
"Monday, May 28, 2018","
Property For Sale
FLORIANA. Excellent rental investment. Two units. Newly refurbished, high ceilings and courtyard. €230,000 together. Phone 9942 4767."
"Monday, May 28, 2018","
Property For Sale
GĦARGĦUR. Double fronted four bedroom house. Open plan, large garden with pool. Valley views. €455,000. Phone 7978 8888."
"Monday, May 28, 2018","
Property For Sale
GĦARGĦUR. Double fronted, unconverted house of character with permits in hand for renovation and extension. Three bedrooms and space for pool. €455,000. Phone 9981 1981."
"Monday, May 28, 2018","
Property For Sale
GĦARGĦUR. Highly finished three bedroom apartment. €360,000, optional garage available. Phone 9944 8342."
"Monday, May 28, 2018","
Property For Sale
GĦARGĦUR. Large, three bedroom apartment located in one of the best areas of this much sought after village, currently on plan, to be sold highly finished. €325,000. Phone 7996 3357."
"Monday, May 28, 2018","
Property For Sale
GĦARGĦUR. Luxury new development. Selection of apartments, maisonettes and penthouses starting from €298,000. Phone agent 7907 9415."
"Monday, May 28, 2018","
Property For Sale
GĦARGĦUR. Maisonette with three bedrooms (main with ensuite and walk-in wardrobe) and main bathroom. €375,000. Phone 9950 8163."
"Monday, May 28, 2018","
Property For Sale
GĦARGĦUR. New, finished, 120sqm, three bedroom / two bathroom apartment. €249,000. Phone 9947 6945."
"Monday, May 28, 2018","
Property For Sale
GĦARGĦUR. Ready built, 140sqm three bedroom penthouse. Very large terrace withexcellent views. €480,000. Phone 9942 5846."
"Monday, May 28, 2018","
Property For Sale
GĦARGĦUR. Two bedroom, finished penthouse, front terrace. €265,000, car space optional. Phone 9982 8919."
"Monday, May 28, 2018","
Property For Sale
GĦARGĦUR. Villa on a plot of 4,500sqm, enjoying landscaped gardens and outdoor / indoor pool, three bedrooms and two-car garage. €6,300,000. Phone 7945 1199."
"Monday, May 28, 2018","
Property For Sale
GĦARGĦUR. Wonderful valley and sea views from this beautifully converted three bedroom house of character. €790,000. No agents. Mike 9932 1039."
"Monday, May 28, 2018","
Property For Sale
GĦARGĦUR / SAN ĠWANN. 1,486sqm farmhouse. For more information phone 7943 1149."
"Monday, May 28, 2018","
Property For Sale
GĦAXAQ. Converted house of character with possibility of four bedrooms. Phone 7986 0616."
"Monday, May 28, 2018","
Property For Sale
GĦAXAQ. Farmhouse in ODZ. Large courtyard, three to four bedrooms, two entrances, mill room, 360° views. €520,000 FH. Phone 7942 1874."
"Monday, May 28, 2018","
Property For Sale
GOZO, GĦAJNSIELEM. Furnished, brand new three bedroom apartment. Back yard, two bathrooms.€150,000. Phone 7749 1115."
"Monday, May 28, 2018","
Property For Sale
GOZO, GĦAJNSIELEM. Spacious three bedroom penthouse with a good sized terrace withviews. €185,000. Phone 9981 4000."
"Monday, May 28, 2018","
Property For Sale
GOZO, GĦARB. Fabulous, three bedroom, top floor apartment. Terraces views, underfloor heating. €255,000. Phone 7942 7569."
"Monday, May 28, 2018","
Property For Sale
GOZO, GĦASRI. Large apartment with communal pool, offered fully finished with three bedrooms, three bathrooms, large terrace enjoying country views. €285,000. Phone 7920 5520."
"Monday, May 28, 2018","
Property For Sale
GOZO, MARSALFORN. A small block with a selection of two bedroom apartments in this seaside village. Starting from €85,000. Phone 7996 7968."
"Monday, May 28, 2018","
Property For Sale
GOZO, MARSALFORN. Airspace for construction of two bedroom penthouse with lift and front / back views.€80,000. Phone 9945 9426."
"Monday, May 28, 2018","
Property For Sale
GOZO, MARSALFORN. Central, large, three bedroom groundfloor apartment with 50sqm garden. €165,000. Phone 7942 7569."
"Monday, May 28, 2018","
Property For Sale
GOZO, MARSALFORN. Newly refurbished, third floor two bedroom apartment with lift. Terrace with direct sea views. Great rental investment. €198,000. Phone 7905 0979."
"Monday, May 28, 2018","
Property For Sale
GOZO, NADUR. A brand new modern maisonette having three bedrooms, large kitchen, terrace enjoying country views. €175,000. Phone 7920 5520."
"Monday, May 28, 2018","
Property For Sale
GOZO, NADUR. Charming, furnished, four bedroom house of character with pool. Great rental investment. €350,000. Phone 7942 7569."
"Monday, May 28, 2018","
Property For Sale
GOZO, NADUR. Renovated and extended three bedroomfarmhouse being offeredfully finished with pool. €380,000. Phone 9981 4000."
"Monday, May 28, 2018","
Property For Sale
GOZO, NADUR. The Crystal. Luxuriously finished, fully insulated and finished apartments,not on plan. Two bedrooms €108,000, three bedrooms €120,000, maisonette €120,000 and two or three bedroom penthouses starting from €145,000. No commissions involved. Phone owner direct on9908 1000 or e-mail us on [email protected]"
"Monday, May 28, 2018","
Property For Sale
GOZO, NADUR. Three bedroom house of character with country and sea views, having street level garage and garden with space for pool. €435,000. Phone 7926 4305."
"Monday, May 28, 2018","
Property For Sale
GOZO, QALA. Fully furnished two bedroomapartment with ensuite and main bathroom. Ideal as a holiday home. €160,000. Phone 9981 4000."
"Monday, May 28, 2018","
Property For Sale
GOZO, QALA. Furnishedthree bedroom house.Two ensuite, pool,four-car garage. €350,000. Phone 9949 1115."
"Monday, May 28, 2018","
Property For Sale
GOZO, SANNAT. A three bedroom penthouse having three double bedrooms, large open plan kitchen, dining, living, front and back terrace. Offered shell form. Phone 7920 5520."
"Monday, May 28, 2018","
Property For Sale
GOZO, SANNAT. Furnished house of character having three double bedrooms, three terraces enjoying stunning country views and lock-up garage. €340,000. Phone 7920 5520."
"Monday, May 28, 2018","
Property For Sale
GOZO, SANNAT. Unconverted farmhouse spread on approximately 390sqm. Comprises many features and garden with space for large pool. Bargain, €190,000. Phone 7926 4305."
"Monday, May 28, 2018","
Property For Sale
GOZO, VICTORIA. Unconverted, central three bedroom house, garden. Ideal first time buy. €148,000. Phone 9949 1115."
"Monday, May 28, 2018","
Property For Sale
GOZO, XAGĦRA. Character house. Three bedrooms, pool, furnished and 12 PV panels. remax-malta.com/240031008-2992€330,000. Phone 9945 9426."
"Monday, May 28, 2018","
Property For Sale
GOZO, XAGĦRA. Houses of character with views, three bedrooms, private pool, garage. Starting from €250,000. Phone 9945 5029."
"Monday, May 28, 2018","
Property For Sale
GOZO, XAGĦRA. Large, finished three bedroom apartment with two terraces enjoying unobstructed valley and sea views. Quiet area. €250,000. 7905 0979."
"Monday, May 28, 2018","
Property For Sale
GOZO, XAGĦRA. New on the market. 170sqm three bedroom apartment in a block of four only. Pre-construction, in shell, with common parts and lift included. €125,000. Phone 9982 9745."
"Monday, May 28, 2018","
Property For Sale
GOZO, XAGĦRA. Three bedroom furnished flat withsea view, plus garage. €250,000 FH. Phone 2156 0633/7930 5515."
"Monday, May 28, 2018","
Property For Sale
GOZO, XEWKIJA. Three bedroom shell form house of character with 570sqm garden, open views. €250,000. Phone 7942 7569."
"Monday, May 28, 2018","
Property For Sale
GOZO, XLENDI. Three bedroom, fully furnished maisonette. Kitchen / living / dining, ensuite. Walking distance from bay. Great rental investment. €140,000. Phone 9947 1413."
"Monday, May 28, 2018","
Property For Sale
GOZO, ŻEBBUĠ. Cliff-edge house with garden, fantastic views. €315,000. Phone 9945 5029."
"Monday, May 28, 2018","
Property For Sale
GOZO, ŻEBBUĠ. Prices to sell. Site to build a two bedroom house with yard, terrace and total airspace, top level reaching views. €105,000. Phone 9982 9745."
"Monday, May 28, 2018","
Property For Sale
GOZO. A selection of farmhouses, apartments, maisonettes, penthouses, etc. Visit www.giovannirealestategozo.com e-mail [email protected]"
"Monday, May 28, 2018","
Property For Sale
GUARDAMANGIA, close to Pietà/Msida marina. Highly finished / furnished, three bedroom apartment. Great for rental investment. €215,000. Phone 7945 0585."
"Monday, May 28, 2018","
Property For Sale
GUARDAMANGIA. Fifth floor, square layout apartment. Three bedrooms, large terrace. Ready to move into. €225,000. Phone 7978 8888."
"Monday, May 28, 2018","
Property For Sale
GUARDAMANGIA. Furnished, two bedroom penthouse including airspace. In scheme for an additional floor. €250,000. Phone 7945 0585."
"Monday, May 28, 2018","
Property For Sale
GUARDAMANGIA. Three bedroom, fully furnished apartment served with lift. €200,000. Phone 9930 2073."
"Monday, May 28, 2018","
Property For Sale
GUDJA. Corner three bedroom penthouse enjoying unobstructed views. €335,000. Phone 7904 4543."
"Monday, May 28, 2018","
Property For Sale
GUDJA. Corner three bedroom penthouse enjoying unobstructed views. €335,000. Phone 9946 7721."
"Monday, May 28, 2018","
Property For Sale
GUDJA. Corner three bedroom penthouse enjoying unobstructed views. €335,000. Phone 7702 0403."
"Monday, May 28, 2018","
Property For Sale
GŻIRA. Brand new two bedroom apartments close to Gżira stadium. Finished, including internal doors and bathrooms. Small block. €185,000. Phone owner 7948 5988."
"Monday, May 28, 2018","
Property For Sale
GŻIRA. Brand new, 94sqm two bedroom apartment. Large front terrace, square layout. Finished, including internal doors / bathrooms. €225,000. Phone owner 7948 5988."
"Monday, May 28, 2018","
Property For Sale
GŻIRA. Brand new, finished, groundfloor office / Class 4B shop measuring 50sqm, with own entrance, close to Gżira stadium. €165,000. Phone owner 7948 5988."
"Monday, May 28, 2018","
Property For Sale
GŻIRA. Built, two bedroom finished apartment. €200,000. Phone 7906 2949."
"Monday, May 28, 2018","
Property For Sale
GŻIRA. Fourth floor three bedroom apartment flooded with light. €285,000, one-car lock-up garage included in the price. Phone 9922 4200."
"Monday, May 28, 2018","
Property For Sale
GŻIRA. Highly finished two bedroom apartment ideal for first time buyers and alsoas a rental investment. €225,000. Phone 7996 3357."
"Monday, May 28, 2018","
Property For Sale
GŻIRA. Modern, two bedroom apartment off seafront, fully furnished to high standards. €280,000. Phone Joseph 9949 0326."
"Monday, May 28, 2018","
Property For Sale
GŻIRA. New block, two bedrooms. From€210,000-€250,000 (penthouse). Phone 9942 2782."
"Monday, May 28, 2018","
Property For Sale
GŻIRA. New, highly finished, fully furnished, three bedroom apartment with air-conditioner in each room. €350,000, interconnecting two-car garage included. Great value. For immediate viewing phone 9994 5919."
"Monday, May 28, 2018","
Property For Sale
GŻIRA. New. 110sqm two / bedroom penthouse, block of only five with lift. Front and back balconies with views. Completion June 2018. €279,000. No agents please. Phone owner 7903 2722."
"Monday, May 28, 2018","
Property For Sale
GŻIRA. One bedroom penthouse, fantastic location. Fully furnished. Ideal rental investment. €195,000. Phone 9993 6727."
"Monday, May 28, 2018","
Property For Sale
GŻIRA. Two bedroom apartments close to national swimming pool. Sold finished. Starting from €190,000. No agents. Phone 7928 7054."
"Monday, May 28, 2018","
Property For Sale
GŻIRA. Two bedroom plus study, firstfloor apartment, ready built and fully furnished. €260,000. Phone 9983 4195."
"Monday, May 28, 2018","
Property For Sale
GŻIRA / SLIEMA. Side sea view. New on the market. A good sized two bedroom corner apartment with corner terrace. €250,000. Phone 7949 3537."
"Monday, May 28, 2018","
Property For Sale
ĦAMRUN (High Street, centre). Approximately 165sqm office space. Phone 7931 8909."
"Monday, May 28, 2018","
Property For Sale
ĦAMRUN. Brand new, highly finished maisonette / apartment with open plan. €165,000. Phone 7703 6425."
"Monday, May 28, 2018","
Property For Sale
ĦAMRUN. Corner, one bedroom, plus study. Fully finished, on plan. €125,000. Phone 9945 7028."
"Monday, May 28, 2018","
Property For Sale
ĦAMRUN. Two bedrooms, plus study. Fully finished, on plan. €145,000. Phone 9945 7028.{889269fc-1c83-4594-9384-5a8309ecccc8ĦAMRUN. Two / three bedroom, fully furnished and ready to move into townhouse. €245,000. Phone 9981 1981."
"Monday, May 28, 2018","
Property For Sale
HIGH RIDGE. Villa with pool. €2,600,000. Phone 9987 3162."
"Monday, May 28, 2018","
Property For Sale
IKLIN. 1,000sqm property for the discerning client. €2,500,000. Serious enquiries phone 9987 3162."
"Monday, May 28, 2018","
Property For Sale
IKLIN. Duplex, 165sqm, fully furnished penthouse. Three bedrooms, balconies, terrace, airspace. Ready to move into. €345,000 FH. Phone owner 9903 7888."
"Monday, May 28, 2018","
Property For Sale
IKLIN. Three bedroom groundfloor apartment with yard. €200,000. Phone 7906 2949."
"Monday, May 28, 2018","
Property For Sale
KALKARA. Converted house of character with a private garden. €570,000. Phone 7703 6425."
"Monday, May 28, 2018","
Property For Sale
KALKARA. Finished, brand new, fully finished second floor apartment or a penthouse enjoying open views. Large open plan kitchen / dining / living leading to a large front veranda, three bedrooms, bathroom, ensuite, and back terrace. Starting from €199,000, interconnected garages optional. Phone owner 9980 5238."
"Monday, May 28, 2018","
Property For Sale
KALKARA. Luxury apartment. Three bedrooms, yard, pool with views. €250,000. Phone 7993 6413."
"Monday, May 28, 2018","
Property For Sale
KALKARA. Seafront, older type, one bedroom, first floor maisonette. €275,000. Phone 7970 1900."
"Monday, May 28, 2018","
Property For Sale
KALKARA. Three bedroom luxury apartment. Large terrace, harbour views, car space. €545,000. Phone 9921 5521."
"Monday, May 28, 2018","
Property For Sale
KALKARA. Wide fronted house. Garage, space for four bedrooms. €375,000. Phone 7993 6413."
"Monday, May 28, 2018","
Property For Sale
KALKARA. Wide fronted house. Structurally converted, large private garden. €570,000. Phone 7993 6413."
"Monday, May 28, 2018","
Property For Sale
KAPPARA. Brand new, fully detached villa, six-car garage,swimmingpool, two flatlets. €1,499,000. Phone 9911 4999."
"Monday, May 28, 2018","
Property For Sale
KAPPARA. Detached four bedroom villawith six room basement, pool, garage. Phone 7902 1955."
"Monday, May 28, 2018","
Property For Sale
KAPPARA. Highly finished, semi-detached villa. Three bedrooms, side terraces. six-car garage. €790,000. Phone 9903 0830."
"Monday, May 28, 2018","
Property For Sale
KAPPARA. On plan. Second floor three bedroom apartment. Very spacious, bright, with a square layout. Being finished to a superb standard. €290,000, optional garages available. No agents. Phone 9897 2222."
"Monday, May 28, 2018","
Property For Sale
KAPPARA. Three bedroom apartment, block of four. Roof terrace and washroom. €330,000, two-car garage optional. No agents. Phone 7928 7054."
"Monday, May 28, 2018","
Property For Sale
KAPPARA. Three bedroom, fully furnished apartment with half ownership of roof. Block of four. €340,000. Phone 9928 2740."
"Monday, May 28, 2018","
Property For Sale
KAPPARA. Two / three bedroom apartments with lock-up garage. From €209,000. Phone 7947 1725."
"Monday, May 28, 2018","
Property For Sale
KAPPARA. Villa. 760sqm plot size, capturing views. €925,000. Phone 7949 7440."
"Monday, May 28, 2018","
Property For Sale
KIRKOP. Brand new apartment ready to move into. Fully finished, including bathrooms and floor tiles of your choice. Two bedrooms, large open plan, bathroom, ensuite and two large balconies. €149,000. Phone 7965 9777."
"Monday, May 28, 2018","
Property For Sale
KIRKOP. House of character with pool, four double bedrooms and garden. €640,000. Phone 7703 6425."
"Monday, May 28, 2018","
Property For Sale
KIRKOP. Terraced house. Quiet area. Open plan, three bedrooms, two balconies. €360,000. Phone 9903 0830."
"Monday, May 28, 2018","
Property For Sale
LIJA. A one-off. Impeccably kept double fronted townhouse on 520sqm. Mature 350sqm garden and two-car lock-up garage. No agents. Phone 7949 0063."
"Monday, May 28, 2018","
Property For Sale
LIJA. Converted house of character. Enormous550sqmprivate garden, authentic features.€1,300,000. Phone 9930 2073."
"Monday, May 28, 2018","
Property For Sale
LIJA. Finished, ready to move into three bedroom apartment, roof and three-car garage. €265,000 FH. Phone 9949 3033."
"Monday, May 28, 2018","
Property For Sale
LIJA. New. Large, 150sqm three bedroom apartment with washroom, part of roof and garage. Must view. €285,000. Phone 7947 0510."
"Monday, May 28, 2018","
Property For Sale
LIJA. Townhouse in village core, with 370sqm garden. No agents. Phone Dylan 9949 8243."
"Monday, May 28, 2018","
Property For Sale
LOVINGLY CONVERTED three bedroom farmhouse enjoying terraces, large pool deck area, views from all levels and original arches and features. Including street level garage. Sole agency. Phone 9988 8494."
"Monday, May 28, 2018","
Property For Sale
LUQA, industrial estate. Car spraying facility, fully equipped, three storeys, 12-car storage. €350,000. Phone 9921 5521."
"Monday, May 28, 2018","
Property For Sale
LUQA. Double fronted, unconverted townhouse. Three double bedrooms and 160sqm garden, space for a pool. €450,000. Phone 9981 1981."
"Monday, May 28, 2018","
Property For Sale
MADLIENA, village. Three bedroom apartment with back yard measuring 215sqm, use of communal pool and one-car garage.€580,000. Phone 9945 0201."
"Monday, May 28, 2018","
Property For Sale
MANIKATA. 190sqm three bedroom apartment on plan. €230,000, garage optional. No agents please.Phone Alex 7991 1918."
"Monday, May 28, 2018","
Property For Sale
MANIKATA. Semi-detached villa finished with pool. Can be sold shell form. Phone 7949 7440."
"Monday, May 28, 2018","
Property For Sale
MANIKATA. Three bedroom, fully finished apartment opposite ODZ. €275,000. Phone 7982 2206."
"Monday, May 28, 2018","
Property For Sale
MARSA. Plot on two roads, on circa 210sqm, with potential for warehouse, showroom and offices. €325,500. Phone 9947 2768."
"Monday, May 28, 2018","
Property For Sale
MARSASCALA, close to St Thomas Bay area. Two bedroom penthouse finished to the latest detail. €250,000. Phone 9902 0929."
"Monday, May 28, 2018","
Property For Sale
MARSASCALA, close to St Thomas Bay. A large, 140sqm, fourth floor apartment with large terraces, finished (including bathrooms and doors). €205,000. Phone 9945 7133."
"Monday, May 28, 2018","
Property For Sale
MARSASCALA, St Thomas Bay area. New on the market. Two double bedroom apartment in a small block, part of roof. €149,000. Phone 9948 7331."
"Monday, May 28, 2018","
Property For Sale
MARSASCALA. A spacious, three bedroom, furnished maisonette including garage. €280,000. Phone 7986 0616."
"Monday, May 28, 2018","
Property For Sale
MARSASCALA. Duplex maisonette, finished. Two / three bedrooms, kitchen / living / dining, front and back terraces, two bathrooms, own roof with airspace. €191,000. Phone 7943 4301/7923 1275."
"Monday, May 28, 2018","
Property For Sale
MARSASCALA. Elevated three bedroom maisonette close to St Thomas Bay, with back yard. €255,000, one-car garage included. Phone 9948 7331."
"Monday, May 28, 2018","
Property For Sale
MARSASCALA. Farmhouse on .13ha (tumolo) of land. Permits for pool. €1,200,000. Phone 7993 6413."
"Monday, May 28, 2018","
Property For Sale
MARSASCALA. Finished two bedroom apartment. Open plan, kitchen / living / dining, two bathrooms, terrace. €150,000. Phone 7966 0060/7923 1275."
"Monday, May 28, 2018","
Property For Sale
MARSASCALA. Groundfloor maisonette with two large bedrooms and a nice front yard. €170,000. Phone9975 4354."
"Monday, May 28, 2018","
Property For Sale
MARSASCALA. Ideal as a summer residence or for first time buyers, two bedroom, fully finished apartment with a spacious front balcony / terrace. €160,000. Phone 9902 0929."
"Monday, May 28, 2018","
Property For Sale
MARSASCALA. Large, highly finished three bedroom apartment. €190,000. Phone 9917 0000."
"Monday, May 28, 2018","
Property For Sale
MARSASCALA. Three bedroom apartment close to the sea. €255,000. Phone 7970 5903."
"Monday, May 28, 2018","
Property For Sale
MARSASCALA. Three bedroom apartment with large front terrace with views. €215,000. Phone 9946 7721."
"Monday, May 28, 2018","
Property For Sale
MARSASCALA. Three bedroom apartment with yard and bathrooms. €282,000. Phone 7904 4543."
"Monday, May 28, 2018","
Property For Sale
MARSASCALA. Three bedroom apartment with yard and bathrooms. €282,000. Phone 7702 0403."
"Monday, May 28, 2018","
Property For Sale
MARSASCALA. Three bedroom maisonettenear the sea. Exceptional standard. €319,000. Phone5903."
"Monday, May 28, 2018","
Property For Sale
MARSASCALA. Three double bedrooms, 70sqm, open plan. Fully furnished. €245,000. Phone 7703 6425."
"Monday, May 28, 2018","
Property For Sale
MARSASCALA. Unique farmhouse with four bedrooms, three bathrooms, kitchen / living / dining, garden and pool area with garage and drive-in. €2,428,000. Phone 7966 0060/7923 1275."
"Monday, May 28, 2018","
Property For Sale
MARSAXLOKK. Large three bedroom apartment, quiet area. €185,000. Phone 9917 0000."
"Monday, May 28, 2018","
Property For Sale
MDINA. Direct from owner. Unconverted 500-year-old house in a quiet area. Has 11 rooms leading to or overlooking a central courtyard. Ideally to be converted into a cafeteria / restaurant or a spacious private residence. Own roof. €850,000 FH, negotiable. Phone 7958 4666 or 7924 5632."
"Monday, May 28, 2018","
Property For Sale
MDINA. House of character. Threebedroomsuites, one self-containedflatlet, roof, well. €890,000. Phone 9921 5521.{m_4713920390881726126_m_6880788660295102MELLIEĦA, Kortin area. Semi-detached, first floor three bedroom maisonette, built and finished. Part ownership of roof, washroom. €355,000, three-car garage optional. Phone 9993 9956."
"Monday, May 28, 2018","
Property For Sale
MELLIEĦA, Popeye Village. Superior sea views apartment. Two spacious double bedrooms, two bathrooms, large terrace. On two streets. €375,000, garage optional. Phone 9942 7372."
"Monday, May 28, 2018","
Property For Sale
MELLIEĦA, Santa Maria Estate. 2,000sqm bungalow. Three bedrooms, pool, garden, garage. €1,250,000. Phone 9945 0827."
"Monday, May 28, 2018","
Property For Sale
MELLIEĦA, Santa Maria Estate. Bungalow with flatlet, large pool and garden with mature trees. €1,200,000. No agents. Phone 9956 6045."
"Monday, May 28, 2018","
Property For Sale
MELLIEĦA, Santa Maria Estate. Four plots 4,000sqm, on two roads. Price on request. No agents. Phone 9945 0827."
"Monday, May 28, 2018","
Property For Sale
MELLIEĦA. Brand new, semi-detached, three bedroom maisonette, total area 175sqm. €350,000. Phone Joseph 9949 0326."
"Monday, May 28, 2018","
Property For Sale
MELLIEĦA. Detached bungalow with basement, pool, four-car garage. €1,250,000. Phone 7902 1955."
"Monday, May 28, 2018","
Property For Sale
MELLIEĦA. Extraordinarily finished four bedroom villa with pool, jacuzzi, waterfall and all the extras. Underfloor heating, PV and solar panels, two-car garage and driveway, grand fireplace, games room, two living rooms, and five bathrooms. Exclusively at a bargain price. Phone 9897 2222."
"Monday, May 28, 2018","
Property For Sale
MELLIEĦA. Finished three bedroom apartment, small block of four. Lift, terrace, views. €185,000. Phone owner 9928 7339."
"Monday, May 28, 2018","
Property For Sale
MELLIEĦA. Large, 180sqm, squarish apartment enjoying sea / country views, open plan with a terrace, washroom / box room, three bedrooms, ensuite / walk-in wardrobe. €250,000. Garage available. Phone 9996 3443."
"Monday, May 28, 2018","
Property For Sale
MELLIEĦA. Large, fully furnished three bedroom apartment ready to move into. €280,000. No agents. Phone 7931 0597."
"Monday, May 28, 2018","
Property For Sale
MELLIEĦA. Large, highly finished three bedroom penthouse with entire roof. Only €319,000, garage included. Phone 9945 6442."
"Monday, May 28, 2018","
Property For Sale
MELLIEĦA. Maisonette comprising kitchen / living / dining area, three bedrooms, (main with ensuite), main bathroom, and back terrace. €325,000 FH, garage included in price. Phone 7974 7737."
"Monday, May 28, 2018","
Property For Sale
MELLIEĦA. Maisonette. Three bedroom, views of Santa Maria Estate. €350,000. Phone 9911 5070."
"Monday, May 28, 2018","
Property For Sale
MELLIEĦA. New on the market. Modernised detached bungalow situated in Santa Maria Estate, built on solid rock.Only €1,250,000, including pool and four-car garage. Phone9945 6442."
"Monday, May 28, 2018","
Property For Sale
MELLIEĦA. Penthouse. Two bedrooms, amazing views, front terrace, airspace. €250,000. Phone owner 9928 7339."
"Monday, May 28, 2018","
Property For Sale
MELLIEĦA. Semi-detached villa. Open plan kitchen / dining, living with unobstructed valley views, terrace, spare toilet, utility room, three bedrooms, bathroom / ensuite, washroom, interconnecting full basement 12-car garage. €522,000. Phone 9988 4893."
"Monday, May 28, 2018","
Property For Sale
MELLIEĦA. Terraced house built on 260sqm, situated in a good area. Four bedrooms, three floors, one-car interconnected, garden. €410,000. Phone 9988 4893."
"Monday, May 28, 2018","
Property For Sale
MELLIEĦA. Terraced house on a quite street and extremely well kept. Four double bedrooms, washroom and garage. €515,000. Phone 7972 8893."
"Monday, May 28, 2018","
Property For Sale
MELLIEĦA. Three bedroom apartment with open sea views. €245,000. Phone 7777 0590."
"Monday, May 28, 2018","
Property For Sale
MELLIEĦA. Three bedroom apartment, direct sea views. Shell form, with lift. €154,000. Phone 9928 2740."
"Monday, May 28, 2018","
Property For Sale
MELLIEĦA. Very large, highly finished, three bedroom apartment. 190sqm internally and 20sqm externally. Use of communal pool. €535,000. Highly recommended. Phone 9994 5919."
"Monday, May 28, 2018","
Property For Sale
MENSIJA. Three bedroom penthouse. 140sqm internally, 60sqm externally. 180° unobstructed valley view. €375,000. Phone 9997 7341."
"Monday, May 28, 2018","
Property For Sale
MĠARR, opposite ODZ area. Three bedroom apartment, spacious layout. €200,000. Phone 7982 2206."
"Monday, May 28, 2018","
Property For Sale
MĠARR, outskirts. 370sqm plot with permit to construct a house on two floors. €695,000. Phone 9945 0827."
"Monday, May 28, 2018","
Property For Sale
MĠARR. 125sqm, finished apartment. Ensuite, balcony. €210,000. Phone 9942 2256."
"Monday, May 28, 2018","
Property For Sale
MĠARR. 171sqm new apartment, built. Two large terraces, fully finished, doors and bathrooms, washroom. €255,000. Phone 9942 4194."
"Monday, May 28, 2018","
Property For Sale
MĠARR. Finished / fully furnished apartment with country views. Open plan kitchen / living / dining, two double bedrooms, bathroom / ensuite, front balcony. €275,000. Phone 7904 0295."
"Monday, May 28, 2018","
Property For Sale
MĠARR. New, two bedroom apartments. Kitchen / living / dining room with a front balcony with distant views, ensuite / bathroom, lift. To be sold finished. Garage available. €190,000. Phone 9945 0277."
"Monday, May 28, 2018","
Property For Sale
MĠARR. Semi-converted house of character with pool, three bedrooms, garage, garden, incredible sea and country views. €890,000. Phone 9942 7372."
"Monday, May 28, 2018","
Property For Sale
MĠARR. Three bedroom apartment facing ODZ. 19sqm externally. €195,000. Phone 7953 3254."
"Monday, May 28, 2018","
Property For Sale
MĠARR. Three bedroom apartment with two-car garage. €351,000. Phone 7709 2212."
"Monday, May 28, 2018","
Property For Sale
MOSTA, close to church. On plan, two bedroom apartment. €150,000. Phone 9949 8531."
"Monday, May 28, 2018","
Property For Sale
MOSTA. 215sqm maisonette. Open plan kitchen / living / dining, three bedrooms, two bathrooms, washroom, front patio, back yard. €300,000, garage optional. Phone 7774 4448."
"Monday, May 28, 2018","
Property For Sale
MOSTA. 816sqm of land withpermits for a fully detached villa. €650,000. Phone 9942 2782."
"Monday, May 28, 2018","
Property For Sale
MOSTA. Choice of two or three bedroom finished apartments, maisonettes, and penthouse under construction. Starting from €220,000. Phone 9928 8466."
"Monday, May 28, 2018","
Property For Sale
MOSTA. Corner, one bedroom studio penthouse with surrounding terrace. Phone 9926 4468."
"Monday, May 28, 2018","
Property For Sale
MOSTA. Double fronted townhouse with large back garden. Needs renovating. Phone 9926 4468."
"Monday, May 28, 2018","
Property For Sale
MOSTA. Duplex, 210sqm penthouse with airspace, garage. Phone 7943 1149."
"Monday, May 28, 2018","
Property For Sale
MOSTA. Furnished three bedroom maisonette with roof terrace and a garage. Phone 7928 5667."
"Monday, May 28, 2018","
Property For Sale
MOSTA. Furnished, three bedroom apartment with lift, in a small block. €250,000. Phone 7970 1900."
"Monday, May 28, 2018","
Property For Sale
MOSTA. Large maisonette with three double bedrooms and full ownership of roof. Phone 9920 0968."
"Monday, May 28, 2018","
Property For Sale
MOSTA. Large three bedroom maisonette. Large terrace, pool, large garage. Phone 7928 5667."
"Monday, May 28, 2018","
Property For Sale
MOSTA. Large, three double bedroom, 256sqm penthouse finished to high standards. €499,000. Phone 9982 8919."
"Monday, May 28, 2018","
Property For Sale
MOSTA. New apartments on plan, starting from €220,000. Phone 7989 0362/7929 4648."
"Monday, May 28, 2018","
Property For Sale
MOSTA. New on the market. Street level three-car garage and storage. €105,000. Phone 7949 3537."
"Monday, May 28, 2018","
Property For Sale
MOSTA. New three bedroom maisonette, own door, 150sqm approximately. €270,000. Phone 7945 0155."
"Monday, May 28, 2018","
Property For Sale
MOSTA. Partly finished, three bedroom maisonette with optional garage. €320,000. Phone 7974 7720."
"Monday, May 28, 2018","
Property For Sale
MOSTA. Rare to come by. Over 820sqm double fronted palazzino boasting a magnificent mature garden of over 500sqm, interconnecting six-car lock-up garage. Needs refurbishing. No agents. Phone 7949 0063."
"Monday, May 28, 2018","
Property For Sale
MOSTA. Selection of three bedroom apartments in a prime area. €178,000. Phone 7949 3537."
"Monday, May 28, 2018","
Property For Sale
MOSTA. Terraced house consisting of three bedrooms, sitting / dining room, bathroom, kitchen / living area, back yard, and two-car garage. €515,000 FH. Phone 7974 7738."
"Monday, May 28, 2018","
Property For Sale
MOSTA. Terraced house. Large semi-basement garage, sitting / dining room, fitted kitchen, three double bedrooms, back yard. €532,000. Phone 7901 5000."
"Monday, May 28, 2018","
Property For Sale
MOSTA. Three bedroom apartment to be sold finished. €195,000. Phone 9911 9238."
"Monday, May 28, 2018","
Property For Sale
MOSTA. Three bedroom fully furnished apartment. Phone 7946 3278."
"Monday, May 28, 2018","
Property For Sale
MOSTA. Three bedroom penthouse in a block of only four units close to all amenities. €270,000. Phone 7945 0155."
"Monday, May 28, 2018","
Property For Sale
MOSTA. Three double bedroom, third floor, small block, 152sqm, with21sqm terrace. Phone 7945 0155."
"Monday, May 28, 2018","
Property For Sale
MOSTA. Two bedroom apartment with lift, kitchen / living / dining, two bathrooms and balcony. €175,000. Phone 7943 4301/7923 1275."
"Monday, May 28, 2018","
Property For Sale
MOSTA. Two, ready built three bedroom apartments. Kitchen / living / dining, bathroom, ensuite, lift. Starting from €200,000. Phone 9986 0708."
"Monday, May 28, 2018","
Property For Sale
MOSTA. Unconverted, 340sqm farmhouse.€525,000. Phone 9942 2782."
"Monday, May 28, 2018","
Property For Sale
MOSTA. Wide fronted, two bedroom semi-finished apartment. €150,000. Phone 9940 7275."
"Monday, May 28, 2018","
Property For Sale
MQABBA. Agricultural land ideal for recreational purposes, with water reservoir. €170,000. Phone 7968 0985."
"Monday, May 28, 2018","
Property For Sale
MQABBA. Three bedroom apartment with two bathrooms, fully furnished kitchen with appliances, and furnished living room. €290,000. Phone 7720 8122."
"Monday, May 28, 2018","
Property For Sale
MQABBA. Two bedroom townhouse. Great character and location. Perfect project for first time buyers. €170,000. No agents. Phone 9945 7376."
"Monday, May 28, 2018","
Property For Sale
MQABBA. Two bedroom, modern, furnished penthouse with huge outdoor space, opposite green area. Phone 9989 1899."
"Monday, May 28, 2018","
Property For Sale
MQABBA. Unconverted house of character with large garden. €450,000. Phone 9921 2005."
"Monday, May 28, 2018","
Property For Sale
MRIEĦEL. Furnished three bedroom groundfloor apartment with outdoor space. €240,000. Phone 9928 8466."
"Monday, May 28, 2018","
Property For Sale
MSIDA, Msida Circus. Corner, two bedroom apartment flooded with natural light. Two large balconies. €160,000. Phone 9922 4200."
"Monday, May 28, 2018","
Property For Sale
MSIDA. Block of five units and a street level shop. €480,000. Phone 7777 2982."
"Monday, May 28, 2018","
Property For Sale
MSIDA. Four bedroom terraced house. 210sqm garden, kitchen, sitting / dining, two living areas. UCA area (not for developing). €380,000. Phone 9947 1413."
"Monday, May 28, 2018","
Property For Sale
MSIDA. Fully furnished three bedroom apartment. €260,000. Phone 7942 1340."
"Monday, May 28, 2018","
Property For Sale
MSIDA. Ready built and being finished, close to marina. Four x two bedroom apartments. Kitchen / living / dining and balcony. Sold finished, including doors and bathrooms. From €175,000. Phone 9949 8806."
"Monday, May 28, 2018","
Property For Sale
MSIDA. Selection of one bedroom-plus-study apartments close to Busy Bee, being sold in shell form. €157,000. Phone 9999 6699."
"Monday, May 28, 2018","
Property For Sale
MSIDA. Three bedroom highly finished apartment. €250,000. Phone 7942 2408."
"Monday, May 28, 2018","
Property For Sale
MSIDA. Three bedroom, ready built and finished, third floor apartment. Two bathrooms and washroom. €215,000. No agents. Phone 7928 7054."
"Monday, May 28, 2018","
Property For Sale
MSIDA. Townhouse ideal as six bedroom plus hostel, 200sqm garden with space for pool. Airspace included. €380,000. Phone 7978 8888."
"Monday, May 28, 2018","
Property For Sale
NAXXAR. 140sqm three bedroom apartment in a prime area, sold luxury finished. €230,000. Phone 7990 0738."
"Monday, May 28, 2018","
Property For Sale
NAXXAR. 220sqm,spacious,second floor, fully furnished, four bedroom apartment. €245,000. Phone 9993 6727."
"Monday, May 28, 2018","
Property For Sale
NAXXAR. Converted house of character. Hall, fitted kitchen / breakfast, dining room overlooking a good sized courtyard, living, three bedrooms, washroom, own roof. €365,000, garage optional. Phone 7904 0295."
"Monday, May 28, 2018","
Property For Sale
NAXXAR. Corner two bedroom apartment, small block. Open plan, two balconies. €215,000. Phone 7774 4448."
"Monday, May 28, 2018","
Property For Sale
NAXXAR. Fully finished,largethree bedroom apartment. €245,000. Phone 9911 9238."
"Monday, May 28, 2018","
Property For Sale
NAXXAR. Furnished apartment. Open plan with a front balcony, two bedrooms, ensuite / bathroom. High rental potential. €220,000. Phone 9996 3443."
"Monday, May 28, 2018","
Property For Sale
NAXXAR. House of character. Hall, kitchen, dining room, living room, study, five bedrooms, three bathrooms, enclosed courtyard, back yard, roof garden and interconnecting garage. €740,000. Phone Martin Mercieca7942 9711."
"Monday, May 28, 2018","
Property For Sale
NAXXAR. Modern three bedroom townhouse with washroom and good sized terrace.€360,000. Phone 7970 1188."
"Monday, May 28, 2018","
Property For Sale
NAXXAR. Ready furnishedtwo bedroom apartment forming part of small block. €225,000. Phone7930 2133."
"Monday, May 28, 2018","
Property For Sale
NAXXAR. Second floor, 138sqm apartment finished to high standards. €230,000. Phone 7930 2133."
"Monday, May 28, 2018","
Property For Sale
NAXXAR. Semi-detached villa. Three double bedrooms, kitchen / living / dining leading to a yard with space for pool, two bathrooms, one-car garage. €530,000. Phone 7718 0366/7923 1275."
"Monday, May 28, 2018","
Property For Sale
NAXXAR. Sensationally designed and finished, three bedroom fully converted townhouse. Simply beautiful. €750,000. No agents. Phone Mike 9932 1039."
"Monday, May 28, 2018","
Property For Sale
NAXXAR. Terraced house. Three bedrooms, large lounge / living, study, kitchen / dining, roof, garage. Quiet area. €500,000. Phone 9947 6945."
"Monday, May 28, 2018","
Property For Sale
NAXXAR. Three bedroom apartment finished by April 2019. €245,000. Phone 7777 2982."
"Monday, May 28, 2018","
Property For Sale
NAXXAR. Three bedroom apartment, finished (excluding bathrooms and doors). €250,000. Phone 9921 2005."
"Monday, May 28, 2018","
Property For Sale
NAXXAR. Three bedroom apartment, ready built. €230,000. Phone 7942 2408."
"Monday, May 28, 2018","
Property For Sale
NAXXAR. Three bedroom apartment,new and finished, with garage. Phone 9945 0385."
"Monday, May 28, 2018","
Property For Sale
NAXXAR. Three bedroom penthouse. Open plan kitchen, living and dining area, ensuite facilities, large front terrace. Phone 9949 2972."
"Monday, May 28, 2018","
Property For Sale
NAXXAR. Two bedroom fully furnished apartment. €220,000. Phone 9921 2005."
"Monday, May 28, 2018","
Property For Sale
PAOLA. First floor maisonette with own roof. €120,000. Phone 9946 7721."
"Monday, May 28, 2018","
Property For Sale
PAOLA. Large, well kept maisonette with five-car interconnected garage. €310,000. Phone 7968 0985."
"Monday, May 28, 2018","
Property For Sale
PAOLA. Townhouse. Patterned tiles, yard, limestone staircases, own roof. €199,500. Phone 9964 4224."
"Monday, May 28, 2018","
Property For Sale
PEMBROKE. Rare to come by terraced house. Three bedrooms, large washroom split as billiard / games room, full roof, full semi-basement for six-cars or flatlet. €810,000. Phone 9900 0480."
"Monday, May 28, 2018","
Property For Sale
PEMBROKE. Second floor, luxurious apartments comprising nine bedrooms and nine bathrooms, covering an area of 883sqm. €3,550,000. Phone 7905 1578."
"Monday, May 28, 2018","
Property For Sale
PENDERGARDENS, St Julians. Three bedroom, 168sqm, furnished apartment. €470,000. Phone 9930 2073."
"Monday, May 28, 2018","
Property For Sale
PIETÀ. 100sqm apartment. Two bedrooms, two bathrooms, offered finished (excluding bathroom, internal doors).€151,000. Phone 7930 1088."
"Monday, May 28, 2018","
Property For Sale
PIETÀ. A selection of spacious two bedroom apartments ideal as rental investments, with a return on investment of 7%. €147,700. Phone 9929 8177."
"Monday, May 28, 2018","
Property For Sale
PIETÀ. Fully furnished, 170sqm, third floor apartment served with lift, having three bedrooms, car space, and beautiful marina views. €270,000. Phone 7974 7723/2339 2452."
"Monday, May 28, 2018","
Property For Sale
PIETÀ. Furnished apartment. Open plan kitchen / living / dining, bathroom, three bedrooms. €185,000. Phone 9915 0277."
"Monday, May 28, 2018","
Property For Sale
PIETÀ. One bedroomunconvertedmaisonette with yard.€135,000. Phone 9942 2782."
"Monday, May 28, 2018","
Property For Sale
PIETÀ. Two bedroom apartments with side sea views. Fully finished. Preconstruction prices, from €180,000. Ideal rental investment. Phone owners 9949 4674/7949 8872."
"Monday, May 28, 2018","
Property For Sale
QAWRA, aquarium area. Penthouse. Two bedrooms, furnished, large terrace. €235,000. Phone 9911 5070."
"Monday, May 28, 2018","
Property For Sale
QAWRA, Bellavista area. Fully furnished, three bedroom / two bathroom apartment. €295,000. Phone 9989 1899."
"Monday, May 28, 2018","
Property For Sale
QAWRA. Brand new, groundfloor three bedroom maisonette. €212,000. Phone 9905 1113."
"Monday, May 28, 2018","
Property For Sale
QAWRA. Finished three bedroom apartment. Must view. €158,000. Phone 7947 0510."
"Monday, May 28, 2018","
Property For Sale
QAWRA. Fully finished two bedroom apartment with study. €165,000. Phone 7786 8677."
"Monday, May 28, 2018","
Property For Sale
QAWRA. Furnished three bedroom apartment. Kitchen / living / dining, two bathrooms, terrace. €223,000, garage included in price. Phone 7966 0060/7923 1275."
"Monday, May 28, 2018","
Property For Sale
QAWRA. Huge, three bedroom furnished apartment, use of roof. €150,000. Phone 9940 7275."
"Monday, May 28, 2018","
Property For Sale
QAWRA. Large, top floor apartment withthreebedrooms, two bathroomsand third ownership of roof.€149,000. Phone 9921 0503."
"Monday, May 28, 2018","
Property For Sale
QAWRA. Luxury finished apartment. Open plan kitchen / living / dining, two double bedrooms, bathroom / ensuite, front / back terraces. €148,000. Phone 7957 9360."
"Monday, May 28, 2018","
Property For Sale
QAWRA. Luxury furnished penthouse with airspace ready to build another floor. Nice open plan, two double bedrooms, 40sqm front terrace and back balcony. €280,000, optional garages available. Phone 9900 0480."
"Monday, May 28, 2018","
Property For Sale
QAWRA. New on the market. Two bedroom fully furnished apartment ready to move into. From €190,000. Phone 7949 3537."
"Monday, May 28, 2018","
Property For Sale
QAWRA. Ready to move into, furnished two bedroom apartment, lift, close to all amenities. €145,000. Phone 9993 9956."
"Monday, May 28, 2018","
Property For Sale
QAWRA. Recently built, three bedroom, furnished lovely apartment with garage. €250,000. Phone 7972 8893."
"Monday, May 28, 2018","
Property For Sale
QAWRA. Three bedroom, fully furnished apartment with lift. Excellent condition. Only €180,000, garage optional. Phone 9945 6442."
"Monday, May 28, 2018","
Property For Sale
QORMI. Large, finished apartment with three bedrooms, large open plan, study and two terraces. €215,000. Phone 9945 3678."
"Monday, May 28, 2018","
Property For Sale
QORMI. Three bedroom farmhouse. Price on request. 1% sensar. Phone or SMS 9906 6093."
"Monday, May 28, 2018","
Property For Sale
QORMI. Three bedroom new penthouse with open plan, airspace and terrace. €245,000. Phone 9945 3678."
"Monday, May 28, 2018","
Property For Sale
QORMI. Unconverted house of character with permits to convert into four bedrooms, three bathrooms, swimming pool and outside area. €230,000. Phone 9948 7331."
"Monday, May 28, 2018","
Property For Sale
QORMI. Well kept terraced house, plot size 57.60 x 7.20m (96 x 24ft). €405,000. Phone 9945 3678."
"Monday, May 28, 2018","
Property For Sale
QRENDI. House of character. Central courtyard, retaining corbels (kileb), slabs (xorok), niche. €372,000. Phone 9964 4224."
"Monday, May 28, 2018","
Property For Sale
QRENDI. Townhouse,permits in hand.Open plan kitchen / living / dining,large garage, two bedrooms, three bathrooms, garden, pool. €250,000. Phone 7701 8977."
"Monday, May 28, 2018","
Property For Sale
RABAT. .25ha (two tumoli) of land. Well connected, with views. €75,000. No agents. Phone Dylan 9949 8243."
"Monday, May 28, 2018","
Property For Sale
RABAT. An extremely large luxury apartment facing green area. €346,000. Phone 7986 0616."
"Monday, May 28, 2018","
Property For Sale
RABAT. Apartments. Two, three or four bedrooms, fully finished. With views or without. Starting from €150,000. Phone 9949 3033."
"Monday, May 28, 2018","
Property For Sale
RABAT. Finished three bedroom townhouse. Kitchen / living / dining, garden and space for pool, two bathrooms, terrace, own roof with airspace. €424,000. Phone 7966 0060/7923 1275."
"Monday, May 28, 2018","
Property For Sale
RABAT. Terraced house with three bedrooms, bathroom, lounge, dining area, internal yard, and kitchen. €478,000. Phone 7974 7728."
"Monday, May 28, 2018","
Property For Sale
RABAT. Townhouse in a quiet area, comprising two / three bedrooms, separate living and dining and also an underlying cellar and a yard. €520,000. No agents. Phone 9945 2166."
"Monday, May 28, 2018","
Property For Sale
SALINA. Groundfloormaisonette, furnished. Squarish layout, two bedrooms, ensuite, bathroom, kitchen / dining / living, internal yard, roof, front terrace. €210,000. Phone 7941 3863."
"Monday, May 28, 2018","
Property For Sale
SALINA. Groundfloor, finished / furnished three bedroom apartment enjoying country views. Squarish layout, use of roof, lift. €195,000. Phone 9993 9956."
"Monday, May 28, 2018","
Property For Sale
SAN ĠWANN, The Village. New block of apartments, 200sqm plus, with views and garden / pool facilities. Starting from €375,000. No agents. Phone Dylan 9949 8243."
"Monday, May 28, 2018","
Property For Sale
SAN ĠWANN. Highly designed three double bedroom apartments. Large 145sqm terrace, option to split into two units. Phone 9945 1505."
"Monday, May 28, 2018","
Property For Sale
SAN ĠWANN. Three bedroom apartment. €195,000. Phone 7906 2949."
"Monday, May 28, 2018","
Property For Sale
SAN ĠWANN. Two bedroom apartment sold fullyfinished. €185,000. Phone 9911 9238."
"Monday, May 28, 2018","
Property For Sale
SAN PAWL TAT-TARĠA. Fully detached, 400sqm house of character. Fantastic layout, with three double bedrooms and space for pool. €975,000. Phone 9940 4303."
"Monday, May 28, 2018","
Property For Sale
SENGLEA (L-Isla). Semi-converted, two bedroom townhouse. Cellar approximately 15sqm, study, kitchen, bathroom, washroom on roof, airspace. €170,000. Phone 9900 7002."
"Monday, May 28, 2018","
Property For Sale
SENGLEA. Three bedroom seafront townhouse overlooking the Vittoriosa marina and Fort St Angelo. €600,000. Phone 9975 4354."
"Monday, May 28, 2018","
Property For Sale
SENGLEA. Three bedroom third floor apartment with stunning harbour views and shared roof. €180,000. Phone 9937 3635."
"Monday, May 28, 2018","
Property For Sale
SENGLEA. Wide fronted, fully furnished house of character. Three bedrooms, two bathrooms, one toilet room, large cellar, 51sqm roof terrace with side sea views. €350,000. Phone 9983 7387."
"Monday, May 28, 2018","
Property For Sale
SIĠĠIEWI. 165sqm, corner, highly finished apartment including bathrooms, internal doors. Unobstructed country views. €240,000. Phone 9967 0016."
"Monday, May 28, 2018","
Property For Sale
SIĠĠIEWI. 2.5ha (20 tumoli) of agricultural land at €1,200,000 or €65,000 per tumolo. Price negotiable. Phone 9902 3184."
"Monday, May 28, 2018","
Property For Sale
SIĠĠIEWI. Brand new block of apartments, maisonettes and penthouses to be sold finished and fully insulated, with interconnecting garages. €175,000. No commissions involved. Phone owner direct 9908 1000 or e-mail us on [email protected]"
"Monday, May 28, 2018","
Property For Sale
SIĠĠIEWI. Converted house of character. Living / dining / kitchen, three bedrooms, one bathroom, well, own roof with airspace. €360,500. Phone 7966 0060/7923 1275."
"Monday, May 28, 2018","
Property For Sale
SIĠĠIEWI. Finished three bedroom maisonette. Kitchen / living / dining, two bathrooms and internal yard. €175,000. Phone 7718 0366/7923 1275."
"Monday, May 28, 2018","
Property For Sale
SIĠĠIEWI. Fully finished three bedroom apartment. €210,000. Phone agent 7907 9415."
"Monday, May 28, 2018","
Property For Sale
SIĠĠIEWI. Maisonette measuring 187.38sqm. Open plan kitchen / living / dining, three bedrooms, two ensuites, main bathroom. €315,000. Phone 9915 0277."
"Monday, May 28, 2018","
Property For Sale
SIĠĠIEWI. Penthouse measuring 178.31sqm. Open plan kitchen / living / dining, three bedrooms, ensuite, main bathroom. €330,000. Phone 9915 0277."
"Monday, May 28, 2018","
Property For Sale
SIĠĠIEWI. Rare opportunity. Luxury, 205sqm, three apartments and penthouse. Four bedrooms, with big washroom. Shell form or finished. Save money, buy on plan. Phone owner 9975 7740."
"Monday, May 28, 2018","
Property For Sale
SIĠĠIEWI. Site circa 0.22ha (two tumoli). Partly could be built. Phone 2145 3742 or 9944 6627."
"Monday, May 28, 2018","
Property For Sale
SIĠĠIEWI. Three bedroom semi-finished apartment. €175,000. Phone 7946 3278."
"Monday, May 28, 2018","
Property For Sale
SIĠĠIEWI. Unconverted, two bedroom townhouse. Hall, living room, kitchen / dining, bathroom, back yard, full roof. €170,000. Phone 9900 7002."
"Monday, May 28, 2018","
Property For Sale
SLIEMA (St Agatha Street). Large, two bedroom flat, 135sqm internally. Large 60sqm terrace with sea view. €379,000. Phone 9997 7341."
"Monday, May 28, 2018","
Property For Sale
SLIEMA (Tower Road). Direct seafront, larger than usual, finished 224sqm apartment with front / back terrace. €1,200,000. Phone 9915 9916."
"Monday, May 28, 2018","
Property For Sale
SLIEMA (Tower Road). Large three bedroom apartment. €725,000. Phone 9926 4468."
"Monday, May 28, 2018","
Property For Sale
SLIEMA (Tower Road, sunny side). Three bedroom, double fronted apartment with direct unobstructed sea views. Phone 9929 8177."
"Monday, May 28, 2018","
Property For Sale
SLIEMA (Windsor Street). Two bedroom apartment 50m from seafront. Brand new, fully furnished. Interconnected car space. €430,000. Phone 9997 7341."
"Monday, May 28, 2018","
Property For Sale
SLIEMA, Balluta area. Three bedroom apartment just off seafront. Can be split into two units. Served with lift. €425,000. Phone 9942 5846."
"Monday, May 28, 2018","
Property For Sale
SLIEMA, Qui-si-Sana area. Highly finished three bedroom apartment with side sea views. €520,000. 9949 9337."
"Monday, May 28, 2018","
Property For Sale
SLIEMA, Savoy area. Bright, three bedroom / two bathroom apartment refurbished to high standard. €285,000. Direct from owner. Phone 9933 6705."
"Monday, May 28, 2018","
Property For Sale
SLIEMA, Tigné. Well finished, large, 200sqm three double bedroom apartment enjoying beautiful views. Phone 9944 4242."
"Monday, May 28, 2018","
Property For Sale
SLIEMA. 300sqm seafront apartment. Could be turned into two apartments. €1,450,000. Phone 2138 5451 or 9947 3904."
"Monday, May 28, 2018","
Property For Sale
SLIEMA. A modern penthouse situated in Tigné, enjoying stunning views of Manoel Island and Valletta. Property includes airspace and permit to build another floor. Phone 9944 4242."
"Monday, May 28, 2018","
Property For Sale
SLIEMA. Amazingly kept three bedroom townhouse in a prestigious area. Phone 9949 9337."
"Monday, May 28, 2018","
Property For Sale
SLIEMA. Apartment close to seafront. Three bedrooms (all ensuite), sea views. €485,000. Phone 7900 5544."
"Monday, May 28, 2018","
Property For Sale
SLIEMA. Apartment in Windsor Terrace. Spacious and beautifully maintained, three bedrooms, two bathrooms, with separate kitchen / breakfast room. €535,000. Phone 9900 2156."
"Monday, May 28, 2018","
Property For Sale
SLIEMA. Beautifully restored, double fronted, fully furnished townhouse with full permits for guesthouse, just a few meters away from the seafront. Best location. €1,275,000. No agents. Phone 9897 2222."
"Monday, May 28, 2018","
Property For Sale
SLIEMA. Beautifully restored, three bedroom townhouse minutes away from seafront. Back yard. €895,000.Phone9982 2955."
"Monday, May 28, 2018","
Property For Sale
SLIEMA. Brand new, double fronted townhouse with permits in hand and street level three-car garage and lift, to be sold in shell form. No agents. Phone 9942 7491."
"Monday, May 28, 2018","
Property For Sale
SLIEMA. Bright, fully furnished, highly finished, two bedroom apartment just minutes away from Balluta Bay. €270,000. For immediate viewing phone 9994 5919."
"Monday, May 28, 2018","
Property For Sale
SLIEMA. Duplex, third / fourth floor, 236sqm penthouse. Third floor 90sqm. Three bedrooms, three bathrooms. Fourth floor 46sqm kitchen / living area, washroom, cloaks and bathroom plus terrace. Phone 9994 8651."
"Monday, May 28, 2018","
Property For Sale
SLIEMA. Elegant, bright, spacious,seafront, corner, three double bedroom, seventh floor apartment. Large terraces, garage.Phone 9982 2955."
"Monday, May 28, 2018","
Property For Sale
SLIEMA. Enjoying side sea views and a front terrace. Two bedroom penthouse being sold with airspace, air-conditioning and a two-car garage. €499,000. Phone 7923 2369."
"Monday, May 28, 2018","
Property For Sale
SLIEMA. Exclusive 180sqm apartment with views of Balluta, large 30sqm terrace and one-car garage. €495,000. Phone 7949 9374."
"Monday, May 28, 2018","
Property For Sale
SLIEMA. Finished, open plan three bedroom apartment, walking distance to seafront. €305,000. Phone 7949 7440."
"Monday, May 28, 2018","
Property For Sale
SLIEMA. Foreign owned, 125sqm, three bedroom, fourth floor apartment in the heart of Sliema. €340,000. Phone 9947 3366."
"Monday, May 28, 2018","
Property For Sale
SLIEMA. Furnished one bedroom maisonette. Kitchen / living / dining, one bathroom and back yard. €117,000. Phone 7943 4301/7923 1275."
"Monday, May 28, 2018","
Property For Sale
SLIEMA. One bedroom, groundfloor maisonette. €215,000, one-car lock-up garage included. Phone 9983 4195."
"Monday, May 28, 2018","
Property For Sale
SLIEMA. One bedroom, third floorapartment close to Balluta Bay promenade and all amenities. €180,000. Phone 9949 2972."
"Monday, May 28, 2018","
Property For Sale
SLIEMA. Perfect investment, furnished. €270,000 FH. Phone 9949 9337."
"Monday, May 28, 2018","
Property For Sale
SLIEMA. Priced to sell. Double fronted, beautifully converted four to five bedroom townhouse. 50sqm back yard, large cellar. €895,000. No agents. Phone 7949 0063."
"Monday, May 28, 2018","
Property For Sale
SLIEMA. Ready to move into, groundfloor, furnished one bedroom maisonette close to Balluta. €280,000. Phone 9926 4468."
"Monday, May 28, 2018","
Property For Sale
SLIEMA. Seafront seven bedroomapartment. Totally unique, located on the ninth floor, with over 125sqm of outdoor space. Two car spaces. Approximately 500sqm. €2,390,000. Phone 9942 3070."
"Monday, May 28, 2018","
Property For Sale
SLIEMA. Seafront, seventh floor three bedroom apartment with garage. €1,075,000. Phone 9984 2645."
"Monday, May 28, 2018","
Property For Sale
SLIEMA. Three bedroom apartment in ultra desirable street. Interconnecting car space. Wheelchair-accessible. €465,000. Phone 9978 7591."
"Monday, May 28, 2018","
Property For Sale
SLIEMA. Three bedroom, 140sqm apartment off seafront, with side views. Phone 9945 0385."
"Monday, May 28, 2018","
Property For Sale
SLIEMA. Townhouse. Four bedrooms, with garden. €650,000. Phone 9945 7028."
"Monday, May 28, 2018","
Property For Sale
SLIEMA. Townhouse. Spacious living, three bedrooms, two bathrooms, street level garage. Structurally sound. €480,000 FH. Phone 7942 1874."
"Monday, May 28, 2018","
Property For Sale
SLIEMA. Two bedroom townhouse ideal for development into rental units. Excellent location. €476,000. Phone 9942 5846."
"Monday, May 28, 2018","
Property For Sale
SLIEMA. Two bedroom, two bathroom modern apartment with two-car garage. Good for rental investment. €370,000. Phone 9989 1899."
"Monday, May 28, 2018","
Property For Sale
SLIEMA. Unconverted townhouse with interconnecting garage, cellar and private yard. €480,000. Phone Albino 9934 7761."
"Monday, May 28, 2018","
Property For Sale
SLIEMA. Unconverted, one bedroom, groundfloor maisonette five minutes from the seafront, including a garage. €215,000. Phone 9978 7591."
"Monday, May 28, 2018","
Property For Sale
SPINOLA BAY. Seafront three bedroom apartment. €1,150,000. Phone 9984 2645."
"Monday, May 28, 2018","
Property For Sale
ST GEORGE' S PARK. Highly finished and furnished 180sqm apartment enjoying open views. €485,000. Superb residence or investment. No agents. Phone 7949 0063."
"Monday, May 28, 2018","
Property For Sale
ST JULIANS, Juliani Heights. Brand new apartment, Sacred Heart, with unobstructed views, three bedrooms, study / box room, bathroom, ensuite, kitchen / living / dining. €335,000. Phone owner 9961 8750."
"Monday, May 28, 2018","
Property For Sale
ST JULIANS, just off seafront. First floor, 98sqm apartment served with lift, two bedrooms, boxsroom, two bathrooms, kitchen / living, one-car garage. Highly finished / furnished. €365,000. Phone owner 9920 7613."
"Monday, May 28, 2018","
Property For Sale
ST JULIANS, Pendergardens. Bright, luxury, two bedroom apartment. 108sqm square layout, kitchen / living / dining. €495,000. Phone 9947 2768."
"Monday, May 28, 2018","
Property For Sale
ST JULIANS, Ta' Giorni. New block. On plan apartments and penthouse. Fully finished. Starting from €290,000. Phone 9945 7028."
"Monday, May 28, 2018","
Property For Sale
ST JULIANS, The Village. Semi-detached maisonette. Three bedrooms, large terrace, views. €575,000. Phone 7900 5544."
"Monday, May 28, 2018","
Property For Sale
ST JULIANS. 160sqm, fifth floor apartment close to Balluta Bay, finished with doors and bathrooms. Magnificent views.€488,750. Phone 9911 4999."
"Monday, May 28, 2018","
Property For Sale
ST JULIANS. Bright, spacious, 165sqm, three bedroom apartment seconds away from Spinola Bay. Front terrace, garage. €588,000. Phone 9947 2768."
"Monday, May 28, 2018","
Property For Sale
ST JULIANS. Detached 460sqm bungalow in The Village. Three bedrooms, with good sized back yard and barbecue area. €525,000. Phone 7970 1188."
"Monday, May 28, 2018","
Property For Sale
ST JULIANS. Fantastic rental investment. Sea views, two double bedroom apartment sold highly finished / furnished.€298,000 FH. Phone 9969 7290."
"Monday, May 28, 2018","
Property For Sale
ST JULIANS. Finished three bedroom apartment minutes away from Balluta, being sold finished. Can be easily split into two flats. €270,000. Phone owner 9928 7339."
"Monday, May 28, 2018","
Property For Sale
ST JULIANS. Finished, second floor, three bedroom apartment covering an internal area of approximately 120sqm and an external area of 20sqm. €280,000. Phone 7905 1578."
"Monday, May 28, 2018","
Property For Sale
ST JULIANS. Finished, second floor, three bedroom apartment covering an internal area of approximately 130sqm and an external area 18sqm. €288,000. Phone 7905 1578."
"Monday, May 28, 2018","
Property For Sale
ST JULIANS. Fully furnished, two bedroom open plan apartment. Ensuite, bathroom, balcony. Excellent area. Priced to sell, €298,000, garage optional. Phone 9986 8012."
"Monday, May 28, 2018","
Property For Sale
ST JULIANS. Highly furnished, square layout two bedroom apartment. €298,000. Phone 9929 8177."
"Monday, May 28, 2018","
Property For Sale
ST JULIANS. Luxury, first floor three bedroom apartment, circa 130sqm. Finished to high standards, with magnificent panoramic views. €319,000. Phone 9945 7133."
"Monday, May 28, 2018","
Property For Sale
ST JULIANS. Never lived in, highly finished, top floor three bedroom apartment with terrace and town views. €400,000. Phone 9926 4468."
"Monday, May 28, 2018","
Property For Sale
ST JULIANS. Over 200sqm apartments and penthouses having optional interconnecting garages. Hard to find these sizes in St Julians. €351,000. No commissions involved. Phone owner direct on9908 1000 or e-mail us on [email protected]"
"Monday, May 28, 2018","
Property For Sale
ST JULIANS. Stunning, four bedroom, seafront apartment, spectacular views. Spacious, open plan living area, car space.Phone 9982 2955."
"Monday, May 28, 2018","
Property For Sale
ST JULIANS. Three bedroom apartment in a small block. Fully furnished and air-conditioned. €310,000. Phone 7970 1900."
"Monday, May 28, 2018","
Property For Sale
ST JULIANS. Two bedroom, highly finished penthouse minutes from seafront. Airspace, valley views.€365,000. Phone 9993 6727."
"Monday, May 28, 2018","
Property For Sale
ST JULIANS. Two bedroom, ready to move into, fully furnished apartment with front balcony, in sought after area. €315,000, one-car lock-up garage included. Phone 9949 8806."
"Monday, May 28, 2018","
Property For Sale
ST PAUL' S BAY, Portobello area. Newly built, completely finished three bedroom apartment, side sea views. Spacious open plan, bathroom / ensuite, front / back balconies. €190,000, garage optional. Phone 9988 4893."
"Monday, May 28, 2018","
Property For Sale
ST PAUL' S BAY, Sirens area. Seafront apartment. Finished / furnished, large open front terrace, three double bedrooms, bathroom / ensuite. €530,000, including two car spaces. Phone 9988 4893."
"Monday, May 28, 2018","
Property For Sale
ST PAUL' S BAY, Tal-Għażżelin. Two bedroom, fully finished apartments just off seafront. Completion beginning of 2019. Phone owners 9949 4674/7949 8872."
"Monday, May 28, 2018","
Property For Sale
ST PAUL' S BAY. Brandnew groundfloor maisonettes sold in finished form. Starting from €150,000. Phone 7990 0738."
"Monday, May 28, 2018","
Property For Sale
ST PAUL' S BAY. Duplex, two / three bedroom penthouse. Open plan terrace with country / sea views. €385,000. Phone 9945 0827."
"Monday, May 28, 2018","
Property For Sale
ST PAUL' S BAY. Fully furnished second floor apartment. Kitchen / living with balcony, three bedrooms and main bathroom. €185,000, garage optional.Phone 7941 3863."
"Monday, May 28, 2018","
Property For Sale
ST PAUL' S BAY. Highly finished, fully furnished apartment. Fitted kitchen / dining / living, main bathroom, three bedrooms (main with ensuite), two balconies. €195,000, garage optional. Phone 9900 0480."
"Monday, May 28, 2018","
Property For Sale
ST PAUL' S BAY. Larger than usual, open plan elevated maisonette. Front terrace enjoying country views, three double bedrooms, bathroom / ensuite, back yard. €250,000. Phone 7957 9360."
"Monday, May 28, 2018","
Property For Sale
ST PAUL' S BAY. Maisonette. One small bedroom, kitchen / living / bathroom and yard with well. Old property needing refurbishment. €112,000. Phone 7941 3863."
"Monday, May 28, 2018","
Property For Sale
ST PAUL' S BAY. One bedroom, furnished apartment. €105,000. Phone 9986 0708."
"Monday, May 28, 2018","
Property For Sale
{_Hlk514658138 Seafront luxury apartment, ready to move into. Open plan kitchen / living / dining, three double bedrooms, bathroom / ensuite, two balconies enjoying sea views. €480,000. Phone 7957 9360."
"Monday, May 28, 2018","
Property For Sale
ST PAUL' S BAY. Seafront, one bedroom, fully furnished apartment. €195,000. Phone 9905 1113."
"Monday, May 28, 2018","
Property For Sale
ST PAUL' S BAY. Two bedroom maisonette. €157,500. Phone 9920 1007."
"Monday, May 28, 2018","
Property For Sale
{_Hlk514658138 Two bedroom, top floor apartment. Lift, separate kitchen / dining, laundry room, back balcony / use of roof. €170,000. Phone 9900 7002."
"Monday, May 28, 2018","
Property For Sale
{_Hlk514771772Three bedroom, furnished apartment. Sitting / dining / living, bathroom. €181,000 FH. Phone 7902 1955."
"Monday, May 28, 2018","
Property For Sale
ST VENERA, Fleur-de-Lys area. An 18th century double fronted townhouse perfect for your business or as a wonderful five bedroom home. Impressive 400sqm garden. Well kept, with all original features. €775,000. No agents. Phone 9945 7376."
"Monday, May 28, 2018","
Property For Sale
ST VENERA. Highly finished apartment with three bedrooms (two with ensuite) and good sized back yard. €186,000. Phone 7974 7724/2339 2461."
"Monday, May 28, 2018","
Property For Sale
{_Hlk514771772Highly finished three bedroom apartment. Kitchen / living / dining, two bathrooms and terrace. €170,000. Phone 7988 2976/7923 1275."
"Monday, May 28, 2018","
Property For Sale
{_Hlk514771836Maisonette. Terrace, ownership of half roof. Must sell this week. €180,700. Phone 9945 1505."
"Monday, May 28, 2018","
Property For Sale
ST VENERA. Not on plan. Built and finished three bedroom penthouse new on the market, served with lift. €280,000. No commissions involved. Phone owner direct on9908 1000 or e-mail us on [email protected]"
"Monday, May 28, 2018","
Property For Sale
{_Hlk514771836Penthouse in shell form, including spacious open plan, three bedrooms, and two terraces. €165,000. Phone 7974 7723/2339 2452."
"Monday, May 28, 2018","
Property For Sale
ST VENERA. Second floor, two bedrooms maisonette with half ownership of roof. €235,000. Phone 9967 0019."
"Monday, May 28, 2018","
Property For Sale
ST VENERA. Three bedroom penthouse. Large front terrace, fully finished (including bathrooms and doors). €225,000. Phone 9945 7028."
"Monday, May 28, 2018","
Property For Sale
SWATAR, central. Semi finished three bedroom maisonette with large garden. €286,000. No agents. Phone 9982 8859."
"Monday, May 28, 2018","
Property For Sale
SWATAR. Apartment with kitchen / living / dining area, three bedrooms (main with ensuite), main bathroom and a balcony. €285,000. Phone 7946 3806."
"Monday, May 28, 2018","
Property For Sale
SWATAR. Fully furnished, highly finished three bedroom apartment, one-car garage. €304,000 FH. Phone 9903 0830."
"Monday, May 28, 2018","
Property For Sale
SWATAR. Fully modern furnishedthree bedroomapartmentwith 41sqm outdoor space. €340,000. Phone 9989 1899."
"Monday, May 28, 2018","
Property For Sale
SWATAR. Semi-finished apartment. Three double bedrooms, kitchen / living / dining. €175,000. Phone 9949 8806."
"Monday, May 28, 2018","
Property For Sale
SWATAR. Two bedroom fully furnished penthouse. Kitchen / living / dining, one-car garage. Air-conditioners, solar water heater. €268,000 FH, airspace included. Phone 9947 1413."
"Monday, May 28, 2018","
Property For Sale
SWATAR / TA' PARIS. First floor, corner three bedroom apartment, block of only four. Fully furnished and own airspace. Perfect as family residence / rental investment. Freehold. Phone 9927 0677."
"Monday, May 28, 2018","
Property For Sale
SWIEQI (Triq it-Tiben). 96sqm apartments with balconies, two bedrooms, two bathrooms, laundry, kitchen / living area. Phone 9994 8651."
"Monday, May 28, 2018","
Property For Sale
SWIEQI. 810sqm land for two semi-detached villas. Phone owner 9947 1136."
"Monday, May 28, 2018","
Property For Sale
SWIEQI. Beautiful duplex apartment. Four bedrooms, frontterrace, yard, five-cargarage. €570,000. Phone 7907 1954."
"Monday, May 28, 2018","
Property For Sale
SWIEQI. Duplex penthouse with four bedrooms, three bathrooms, 10 photovoltaic panels, and airspace. €499,000. Phone 7974 772/ 2339 2459."
"Monday, May 28, 2018","
Property For Sale
SWIEQI. Duplex, fully finished penthouse. Three bedrooms, four bathrooms. €495,000. Phone 9994 8651."
"Monday, May 28, 2018","
Property For Sale
SWIEQI. Entire block consisting of three floors. Two apartments and a penthouse ready built, with its own airspace (one can build another floor). Apartments and penthouse consists of three double bedrooms and study, ensuite and open plan. Ideal for rental investment. €1,170,000. Phone 7970 1937."
"Monday, May 28, 2018","
Property For Sale
SWIEQI. Quiet area. Three bedroom penthouse, 60sqm terrace.€470,000, garage optional. Phone 7907 1954."
"Monday, May 28, 2018","
Property For Sale
SWIEQI. Wide fronted, duplex three / four bedroom penthouse with airspace and optional lock-up garage. €499,000. Phone 9947 1136."
"Monday, May 28, 2018","
Property For Sale
SWIEQI.Three bedroom apartment. €265,000. Phone 9967 0016."
"Monday, May 28, 2018","
Property For Sale
TA' ĠIORNI. Two bedroom fully furnished apartment. €298,000, street level garage optional. Phone 7900 5544."
"Monday, May 28, 2018","
Property For Sale
TA' PARIS. Duplex, designer finished and furnished, three double bedroom penthouse with airspace. €400,000. Phone 9967 0019."
"Monday, May 28, 2018","
Property For Sale
TA' PARIS. Three bedroom apartment close to Mater Dei. €186,000. Phone 7942 2408."
"Monday, May 28, 2018","
Property For Sale
TA' XBIEX, yacht marina seafront. 450sqm residence. Terraces, fantastic views, four bedrooms, garage, lift. €3,200,000. Phone 9947 6945."
"Monday, May 28, 2018","
Property For Sale
TA' XBIEX. Selection of eight seafront apartments being sold finished, including bathrooms and doors. Starting from €795,000. Phone 9999 6699."
"Monday, May 28, 2018","
Property For Sale
TAL-IBRAĠ, Forum. Furnished, fully air-conditioned three bedroom apartment, large terrace. Garage optional. Phone 7900 5544."
"Monday, May 28, 2018","
Property For Sale
TAL-IBRAĠ. Apartment with distant sea views, hall, kitchen / living / dining, three bedrooms, ensuite, bathroom, laundry, terraces, lock-up garage.€395,000. Phone 9986 8012."
"Monday, May 28, 2018","
Property For Sale
TAL-IBRAĠ. Bright, corner, groundfloor three bedroom maisonette with private roof and lock-up garage. €385,000. Phone 9947 1136."
"Monday, May 28, 2018","
Property For Sale
TAL-IBRAĠ. Fully furnished, three bedroom semi-detached villa. €895,000. Phone 9911 9238."
"Monday, May 28, 2018","
Property For Sale
TAL-IBRAĠ. Highly finished three bedroom maisonette. Two bathrooms, two yards. €385,000. Phone 7907 1954."
"Monday, May 28, 2018","
Property For Sale
TAL-IBRAĠ. Large three bedroom apartment with terrace, sold finished. Bargain, €375,000. Phone 9987 3162."
"Monday, May 28, 2018","
Property For Sale
TAL-IBRAĠ. Perfectly located, remarkably finished, bright and partly furnished, 270sqm three double bedroom apartment with a 100sqm open plan, air-conditioning throughout and an interconnecting two-car lock-up. Not to be missed. No agents. Phone 9942 7491."
"Monday, May 28, 2018","
Property For Sale
TAL-IBRAĠ. Semi-detached, designer furnished three bedroom villa, garage. Phone 9997 7341."
"Monday, May 28, 2018","
Property For Sale
TAL-IBRAĠ. Spacious three bedroom maisonette with back yard, huge family room at basement, interconnected two-car garage. €550,000. Phone 7972 8893."
"Monday, May 28, 2018","
Property For Sale
TARXIEN. Bright and airy, corner apartment with two bedrooms. Internal area approximately 122sqm, external 105sqm. €115,000. Phone 7970 1900."
"Monday, May 28, 2018","
Property For Sale
TARXIEN. Penthouse or apartment. Spacious, two bedrooms, with open plan kitchen dining living, bathroom, ensuite, large front veranda and lift. Starting from €115,000. Phone 9980 5238."
"Monday, May 28, 2018","
Property For Sale
TARXIEN. Three bedroom maisonette ready to move into, with garage. €310,000. Phone 7702 0403."
"Monday, May 28, 2018","
Property For Sale
THE VILLAGE. Semi-detached maisonette enjoying 35sqm terrace with valley views. €575,000. Phone 7930 2133."
"Monday, May 28, 2018","
Property For Sale
THE VILLAGE. Villa with large basement and flatlet. Phone 9987 3162."
"Monday, May 28, 2018","
Property For Sale
VALLETTA. 120sqm two bedroom penthouse with Grand Harbour views. €795,000. Phone 7949 7440."
"Monday, May 28, 2018","
Property For Sale
VALLETTA. Block of four highly finished seafront apartments. Excellent location. Great views. €1,100,000. Phone 9942 5846."
"Monday, May 28, 2018","
Property For Sale
VALLETTA. Palazzino over 400 years old, having 27 rooms and many old world features. Priced to sell, €3,000,000. No agents. Phone 7909 7699."
"Monday, May 28, 2018","
Property For Sale
VALLETTA. Unconverted townhouse. 10 rooms, cellar, two entrances. Possibility to add another room and convert into seven bedroom guesthouse. A shop in Republic Street is also included. Phone 7947 3399."
"Monday, May 28, 2018","
Property For Sale
VALLETTA. Wonderfully converted palazzino originally built in 1617. Courtyard, reading / music room, five bedrooms, grand sala nobile, fireplace, kitchen / breakfast area, artist studio, large terrace, breathtaking views of Grand Harbour. €1,800,000. Phone 7947 3399."
"Monday, May 28, 2018","
Property For Sale
VICTORIA GARDENS. Groundfloor maisonette. Large outdoor area and pool, large garage. Very private.Phone 9924 1010."
"Monday, May 28, 2018","
Property For Sale
VITTORIOSA (Birgu). Large and well maintained three bedroom townhouse enjoying beautiful views of the yacht marina / Valletta, having an internal area of 255sqm. Great potential of turning into a four bedroom house, boutique hotel / guesthouse. €771,000. Phone 9996 3443."
"Monday, May 28, 2018","
Property For Sale
VITTORIOSA. Two bedroom duplex maisonette near the marina. Property can be split into two apartments. €220,000. Phone9975 4354."
"Monday, May 28, 2018","
Property For Sale
XEMXIJA, seafront. Built and finished, 180sqm, large terrace, three bedrooms, two bathrooms, three back balconies. €330,000. Phone 9942 7372."
"Monday, May 28, 2018","
Property For Sale
XEMXIJA. Large, furnished, open plan three bedroom apartment. €180,000. Phone 7987 1787."
"Monday, May 28, 2018","
Property For Sale
XEMXIJA. Top floor apartment. Two double bedrooms, two bathrooms, use of roof, panoramic sea / country views. €196,000. Phone 9920 1007."
"Monday, May 28, 2018","
Property For Sale
XGĦAJRA. Three bedroom units with sea and country views. €170,000. Phone 7703 6425."
"Monday, May 28, 2018","
Property For Sale
ŻABBAR. Converted farmhouse, .55ha (five tumoli) of land, pool. Phone 7993 6413."
"Monday, May 28, 2018","
Property For Sale
ŻABBAR. Converted terraced house with garage and yard. €399,000. Phone 7986 0616."
"Monday, May 28, 2018","
Property For Sale
ŻABBAR. Highly finished three bedroom apartment. €155,000. Phone 9917 0000."
"Monday, May 28, 2018","
Property For Sale
ŻABBAR. One bedroom, partly furnished penthouse. Lift, roof ownership, open plan kitchen / living / dining, balcony,bathroom, front terrace. €159,500. Phone 9949 2972."
"Monday, May 28, 2018","
Property For Sale
ŻABBAR. Second floor, two bedroom apartment with back yard, being sold on plan. €152,000. Phone 7970 1900."
"Monday, May 28, 2018","
Property For Sale
ŻABBAR. Three bedroom finished apartment with bathrooms and doors. €155,000. Phone 7702 0403."
"Monday, May 28, 2018","
Property For Sale
ŻABBAR. Very good sized two bedroom penthouse already built. Highly finished, with a nice spacious front terrace and another larger than usual back terrace for drying purposes. €205,000. Phone 9902 0929."
"Monday, May 28, 2018","
Property For Sale
ŻEBBIEGĦ. New terraced house in shell form, with pool and views. €590,000. Phone 9945 0385."
"Monday, May 28, 2018","
Property For Sale
ŻEBBIEGĦ. Terraced house being sold in shell form. Unobstructed views from all levels, three double bedrooms, lift, pool, five-car interconnected garage. €590,000. Phone 9993 9956."
"Monday, May 28, 2018","
Property For Sale
ŻEBBUĠ, Hal Mula area. Large street level garage, accessible60sqm basement, kitchen, toilet. Also ideal as car rentals / offices. €159,500. Phone 7701 8977."
"Monday, May 28, 2018","
Property For Sale
ŻEBBUĠ. 129sqm apartment, block of five. Three bedrooms, two bathrooms. Completion May 2019. €180,000. Phone 7777 9012."
"Monday, May 28, 2018","
Property For Sale
ŻEBBUG. 150sqm finished maisonette. €235,000. Phone 9942 2256."
"Monday, May 28, 2018","
Property For Sale
ŻEBBUĠ. A farmhouse with three bedrooms, four-car garage. €950,000. Phone 7986 0616."
"Monday, May 28, 2018","
Property For Sale
ŻEBBUĠ. Central, 500sqm three bedroom bungalow with five-car garage, garden with 16 trees. Also fields for sale. Phone 7945 8192."
"Monday, May 28, 2018","
Property For Sale
ŻEBBUG. Converted farmhouse on .25ha (two tumoli) land. Views, pool, four-car garage. €950,000 FH. Phone 7942 1874."
"Monday, May 28, 2018","
Property For Sale
ŻEBBUĠ. Converted house of character covering a total area of 470sqm. Property includes terraces all round and three bedrooms. €950,000. Phone 7974 7727/2339 2459."
"Monday, May 28, 2018","
Property For Sale
ŻEBBUG. Converted three bedroom house of character in the village core, with large garden with pool. Phone 9931 6080."
"Monday, May 28, 2018","
Property For Sale
ŻEBBUĠ. Duplex maisonette. Hall, open plan living / kitchen / dining, bathroom / ensuite, front balcony, three bedrooms, own airspace. Completion date August 2018. €230,000. Phone 7904 0295."
"Monday, May 28, 2018","
Property For Sale
ŻEBBUĠ. Elevated, 110sqm, highly finished groundfloor maisonette. Three bedrooms, two bathrooms, private roof, washroom. €254,000. Phone 7777 9012."
"Monday, May 28, 2018","
Property For Sale
ŻEBBUĠ. Groundfloor maisonette with two bedrooms (main with ensuite), and small back yard. €179,000. Phone 7974 7723/2339 2452."
"Monday, May 28, 2018","
Property For Sale
ŻEBBUĠ. New apartments / maisonettes, ready built / finished, starting from €145,000. Phone 7700 8136."
"Monday, May 28, 2018","
Property For Sale
ŻEBBUĠ. Three bedroom finished apartment. Kitchen / living / dining, two bathrooms, two balconies. €149,000. Phone 7966 0060/7923 1275."
"Monday, May 28, 2018","
Property For Sale
ŻEJTUN. 185sqm terraced house in shell form, large yard. €370,000. Phone 7993 6413."
"Monday, May 28, 2018","
Property For Sale
ŻEJTUN. 68sqm coach house (remissa) with possibility of another two floors. €110,000. Phone 9902 3184."
"Monday, May 28, 2018","
Property For Sale
ŻEJTUN. Apartment, finished, having spacious open plan kitchen / dining / living area, three bedrooms, bathroom, ensuite and lift. Bargain, €130,500. Optional garage €13,000. Phone 9980 5238."
"Monday, May 28, 2018","
Property For Sale
ŻEJTUN. Groundfloor maisonette. Wide frontage, three double bedrooms, fitted kitchen, study, back yard, terrace. €175,000. Phone 7901 5000."
"Monday, May 28, 2018","
Property For Sale
ŻEJTUN. House of character with outdoor space for pool, three bedrooms. €532,000. Phone 7703 6425."
"Monday, May 28, 2018","
Property For Sale
ŻEJTUN. House of character, three bedrooms. Ready to move into. €265,000. Phone 7703 6425."
"Monday, May 28, 2018","
Property For Sale
ŻEJTUN. Large, fully furnished solitary maisonette. Immaculate condition, three double bedrooms, washroom, back terrace, full roof, possibility to build two extra floors. €319,000. Phone 9983 7387."
"Monday, May 28, 2018","
Property For Sale
ŻEJTUN. Maisonette and apartment. Finished, brand new, with spacious open plan, one large bedroom, study, bathroom, two balconies and lift. Bargain, €99,000. Phone 9980 5238."
"Monday, May 28, 2018","
Property For Sale
ŻEJTUN. Ready to move into, fully furnished three bedroom apartment at second floor level, served with lift. €215,000. Phone 7777 9011."
"Monday, May 28, 2018","
Property For Sale
ŻEJTUN. Site having total footprint of 215sqm. Facade. €245,000. Phone 9946 7721."
"Monday, May 28, 2018","
Property For Sale
ŻEJTUN. Three bedroom apartment. Finished (including doors and bathrooms). €186,000. Phone 7904 4543."
"Monday, May 28, 2018","
Property For Sale
ŻEJTUN. Townhouse. Three double bedrooms, full roof, big back yard. €265,000. Phone 7703 6425."
"Monday, May 28, 2018","
Property For Sale
ŻEJTUN. Two bedroom penthouse. Finished (including doors and bathrooms). €225,000. Phone 7904 4543."
"Monday, May 28, 2018","
Property For Sale
ŻEJTUN. Two designer penthouses joined in one. Three double bedrooms. €395,000. Phone 7904 4543."
"Monday, May 28, 2018","
Property For Sale
ŻEJTUN. Unconverted house of character with original features. Potential for three bedrooms. €195,000 FH. Phone 9949 3033."
"Monday, May 28, 2018","
Property For Sale
ŻURRIEQ. Large, highly finished three bedroom maisonette. €175,000. Phone 9917 0000."
"Monday, May 28, 2018","
Property For Sale
ŻURRIEQ. Maisonette, small block. Kitchen / living / dining, 18.3m yard, two double bedrooms, ensuite, box room. Shell. Can be offered finished. €169,500, two-car garage optional. Phone 7701 8977."
"Monday, May 28, 2018","
Property For Sale
ŻURRIEQ. Old peoples' home with permits for 22 rooms. Phone 7777 2982."
"Monday, May 28, 2018","
Property For Sale
ŻURRIEQ. Penthouse. Designer finished, fully furnished, two double bedrooms, two bathrooms, walk-in wardrobe, open plan with a terrace, full roof for entertaining. €249,000. Phone 9983 7387."
"Monday, May 28, 2018","
Property For Sale
ŻURRIEQ. Three bedroom first floor apartment in lovely area. Bargain. Phone 7968 0985."
"Monday, May 28, 2018","
Property For Sale
ŻURRIEQ. Three bedroom townhouse with garden. €395,000. Phone 7702 0403."
"Monday, May 28, 2018","
Property For Sale
ŻURRIEQ. Three bedroom, expertly converted house of character. Courtyard, terrace. Ready to move into. €429,000. Phone 9911 4999."
"Monday, May 28, 2018","
Property For Sale
ŻURRIEQ. Townhouse with 150sqm garden. Phone 7709 2212."
"Monday, May 28, 2018","
Property For Sale
ŻURRIEQ. Unconverted farmhouse with .63ha (five tumoli) of land. €745,000. Phone 7702 0403."
"Monday, May 28, 2018","
Property For Sale
100% FOCUSED on quality properties. Excel Homes Real Estate Ltd www.Excel.com.mt Phone 9945 1255, 2141 3355."
"Monday, May 28, 2018","
Property For Sale
ATTARD. Newly finished three bedroom apartment close to villa area, with country views. €240,000. Phone 7984 7353."
"Monday, May 28, 2018","
Property For Sale
MADLIENA. Four bedroom designer villa with pool best views. Phone 7903 1970."
"Monday, May 28, 2018","
Property For Sale
MARSASCALA. Villa with pool, four-car garage, five bedrooms, three bathrooms, games room and sea views. Phone owner 9933 0088."
"Monday, May 28, 2018","
Property For Sale
SLIEMA. Apartment in Windsor Terrace. Spacious and beautifully maintained. Three bedrooms, two bathrooms, with separate kitchen / breakfast room. €535,000. Phone 9900 2156."
"Monday, May 28, 2018","
Property For Sale
SLIEMA. Beautiful restored three / four bedroom townhouse best part. Phone 7903 1970."
"Monday, May 28, 2018","
Property For Sale
SLIEMA. Three bedroom luxury apartment seconds from front. Phone 7903 1970."
"Monday, May 28, 2018","
Property For Sale
ST JULIANS, The Podium. One bedroom maisonette ready to move into. €210,000. Phone 7947 1661."
"Monday, May 28, 2018","
Property For Sale
100% FOCUSED on quality properties. Excel Homes Real Estate Ltd www.Excel.com.mt Phone 9945 1255, 2141 3355."
"Monday, May 28, 2018","
Property For Sale
BIRKIRKARA. Furnished, large three bedroom penthouse with garage. Solar heating, fully air-conditioned and much more. €295,000. Phone 7947 0510."
"Monday, May 28, 2018","
Property For Sale
GOZO, NADUR. A cliff-edge, three double bedroom house of character with pool and a large sun deck area. €465,000. Phone 9942 2146."
"Monday, May 28, 2018","
Property For Sale
GOZO, XAGĦRA. Three bedroom furnished flat withsea view, plus garage. €250,000 FH. Phone 2156 0633/7930 5515."
"Monday, May 28, 2018","
Property For Sale
LIJA. New. Large, 150sqm three bedroom apartment with washroom, part of roof and garage. Must view. €285,000. Phone 7947 0510."
"Monday, May 28, 2018","
Property For Sale
QAWRA. Large, finished three bedroom penthouse in sought after area. €348,000. Phone 7947 0510."
"Monday, May 28, 2018","
Property For Sale
SAN ĠWANN. Finished, large three bedroom apartment having open plan bathroom, ensuite. €230,000. Phone 7947 0510."
"Monday, May 28, 2018","
Property For Sale
ST JULIANS, The Podium. One bedroom maisonette ready to move into. €210,000. Phone 7947 1661."
"Monday, May 28, 2018","
Property For Sale
100% FOCUSED on quality properties. Excel Homes Real Estate Ltd www.Excel.com.mt Phone 9945 1255, 2141 3355."
"Monday, May 28, 2018","
Property For Sale
GOZO, GĦARB. A converted, old and traditional five double bedroom farmhouse with pool. €575,000. Phone 9942 2146."
"Monday, May 28, 2018","
Property For Sale
GŻIRA. Modern off seafront, two bedroom apartment, fully furnished to high standards. €280,000. Phone Joseph 9949 0326."
"Monday, May 28, 2018","
Property For Sale
LIJA. New. Large, 150sqm three bedroom apartment with washroom, part of roof and garage. Must view. €285,000. Phone 7947 0510."
"Monday, May 28, 2018","
Property For Sale
MELLIEĦA. Brand new semi-detached maisonette, three bedrooms, total area 175 qm. €350,000. Phone Joseph 9949 0326."
"Monday, May 28, 2018","
Property For Sale
QAWRA. Finished three bedroom apartment. Must view. €158,000. Phone 7947 0510."
"Monday, May 28, 2018","
Property For Sale
100% FOCUSED on quality properties. Excel Homes Real Estate Ltd www.Excel.com.mt Phone 9945 1255, 2141 3355."
"Monday, May 28, 2018","
Property For Sale
BIRKIRKARA. Furnished, large three bedroom penthouse with garage, solar heating, fully air-conditioned and much more. €295,000. Phone 7947 0510."
"Monday, May 28, 2018","
Property For Sale
GOZO, GĦAJNSIELEM. Brand new furnished apartment. Three bedrooms, two bathrooms, back yard. €150,000. Phone 9949 1115."
"Monday, May 28, 2018","
Property For Sale
GOZO, QALA. Unconverted, two bedroom farmhouse, small garden. South-facing, quiet area. €198,000. Phone 7967 9111."
"Monday, May 28, 2018","
Property For Sale
GOZO, XAGĦRA. A three bedroom shell apartment with Ramla Bay views. €110,000.Phone 9942 2146."
"Monday, May 28, 2018","
Property For Sale
LIJA. New. Large, 150sqm three bedroom apartment with washroom, part of roof and garage. Must view. €285,000. Phone 7947 0510."
"Monday, May 28, 2018","
Property For Sale
NAXXAR. Character house full of original features and ready to move into, having two bedrooms, large sitting room, kitchen and dining area, two bathrooms, cellar, roof, terrace. €295,000. Phone 9945 7176."
"Monday, May 28, 2018","
Property For Sale
QAWRA. Large, finished three bedroom penthouse in sought after area. €348,000. Phone 7947 0510."
"Monday, May 28, 2018","
Property For Sale
SAN ĠWANN. Finished, large three bedroom apartment having open plan bathroom, ensuite. €230,000. Phone 7947 0510."
"Monday, May 28, 2018","
Property For Sale
ST JULIANS, The Podium. One bedroom maisonette ready to move into. €210,000. Phone 7947 1661."
"Monday, May 28, 2018","
Property For Sale
100% FOCUSED on quality properties. Excel Homes Real Estate Ltd www.Excel.com.mt Phone 9945 1255, 2141 3355."
"Monday, May 28, 2018","
Property For Sale
GOZO, MARSALFORN. A three bedroom apartment with garage and splendid sea views. €295,000. Phone 9942 2146."
"Monday, May 28, 2018","
Property For Sale
LIJA. New. Large, 150sqm three bedroom apartment with washroom, part of roof and garage. Must view. €285,000. Phone 7947 0510."
"Monday, May 28, 2018","
Property For Sale
QAWRA. Finished three bedroom apartment. Must view. €158,000. Phone 7947 0510."
"Monday, May 28, 2018","
Property For Sale
SLIEMA. Seafront, ninth floor, sevenbedroomapartment, totally unique, with over 125sqm of outdoor space, two car spaces. Approximately 500sqm. €2,390,000. Phone 9942 3070."
"Monday, May 28, 2018","
Property For Sale
ST JULIANS, The Podium. One bedroom maisonette ready to move into. €210,000. Phone 7947 1661."
"Monday, May 28, 2018","
Property For Sale
100% FOCUSED on quality properties. Excel Homes Real Estate Ltd www.Excel.com.mt Phone 9945 1255, 2141 3355."
"Monday, May 28, 2018","
Property For Sale
GOZO, MARSALFORN. A three bedroom apartment with unobstructed country views. €125,000. Phone 9942 2146."
